pattern,canonical_target
https://compassgrill.co.il/gifts/מארז-פריסת-חלה-לשבת-קרש-סיסם-סכין-לחם-berox/?category_id=128869,https://compassgrill.co.il/gifts/מארז-פריסת-חלה-לשבת-קרש-סיסם-סכין-לחם-berox/
https://compassgrill.co.il/gifts/מתנה-ממותגת-ליום-הולדת-בוצ-ר-אלון-סכין-שף-dick/?category_id=128869,https://compassgrill.co.il/gifts/מתנה-ממותגת-ליום-הולדת-בוצ-ר-אלון-סכין-שף-dick/
https://compassgrill.co.il/knives-and-accessories/giesser-knives/tradition-butcher-slicer-knife-24-30cm/?category_id=104927,https://compassgrill.co.il/knives-and-accessories/giesser-knives/tradition-butcher-slicer-knife-24-30cm/
https://compassgrill.co.il/grill-smoker-accessories/butcher-board/קרש-חיתוך-מעץ-סיסם-אירופאי-40-25-עם-תעלת-ניקוז/?category_id=128801,https://compassgrill.co.il/grill-smoker-accessories/butcher-board/קרש-חיתוך-מעץ-סיסם-אירופאי-40-25-עם-תעלת-ניקוז/
https://compassgrill.co.il/gifts/מארז-מתנה-לגבר-בוצ-ר-עץ-אלון-סכין-שף-dick/?category_id=128869,https://compassgrill.co.il/gifts/מארז-מתנה-לגבר-בוצ-ר-עץ-אלון-סכין-שף-dick/
https://compassgrill.co.il/gifts/מארז-לשף-שלנו-באהבה-קרש-עץ-סכין-שף-berox/?category_id=128869,https://compassgrill.co.il/gifts/מארז-לשף-שלנו-באהבה-קרש-עץ-סכין-שף-berox/
https://compassgrill.co.il/grill-smoker-accessories/plates-for-serving/פרוסת-סיסם-אירופאי-100-קרש-הגשה-טבעי-מעץ-מלא/?category_id=128868,https://compassgrill.co.il/grill-smoker-accessories/plates-for-serving/פרוסת-סיסם-אירופאי-100-קרש-הגשה-טבעי-מעץ-מלא/
https://compassgrill.co.il/טחונים-קפואים/angus-burger-220g-4-pcs-tray-chef-recipe-1/?category_id=125609,https://compassgrill.co.il/טחונים-קפואים/angus-burger-220g-4-pcs-tray-chef-recipe/
https://compassgrill.co.il/fresh-beef/angus-feedlot-ribs-no-2-3kg/?category_id=66835,https://compassgrill.co.il/fresh-beef/angus-feedlot-ribs-no-2-3kg/
https://compassgrill.co.il/eitan-meat-eilat/frozen-ground-meat/veal-lamb-kebab-140g-6-pcs-pack/?category_id=66897,https://compassgrill.co.il/eitan-meat-eilat/frozen-ground-meat/veal-lamb-kebab-140g-6-pcs-pack/
https://compassgrill.co.il/taboon-products-and-accessories/alfa-moderno-1/?category_id=35145,https://compassgrill.co.il/taboon-products-and-accessories/alfa-moderno/
https://compassgrill.co.il/grill-smoker-accessories/plates-for-serving/צלחת-מעץ-אשא-קוטר-20-ס-מ-דו-צדדית/?category_id=128868,https://compassgrill.co.il/grill-smoker-accessories/plates-for-serving/צלחת-מעץ-אשא-קוטר-20-ס-מ-דו-צדדית/
https://compassgrill.co.il/grill-smoker-accessories/plates-for-serving/צלחת-3-תאים-מעץ-אשא-קוטר-25-ס-מ/?category_id=128868,https://compassgrill.co.il/grill-smoker-accessories/plates-for-serving/צלחת-3-תאים-מעץ-אשא-קוטר-25-ס-מ/
https://compassgrill.co.il/grill-smoker-accessories/plates-for-serving/צלחת-מעץ-אשא-קוטר-25-ס-מ/?category_id=128868,https://compassgrill.co.il/grill-smoker-accessories/plates-for-serving/צלחת-מעץ-אשא-קוטר-25-ס-מ/
https://compassgrill.co.il/grill-smoker-accessories/plates-for-serving/קרש-חיתוך-והגשה-רינג-אובלי-75/?category_id=128868,https://compassgrill.co.il/grill-smoker-accessories/plates-for-serving/קרש-חיתוך-והגשה-רינג-אובלי-75/
https://compassgrill.co.il/grill-smoker-accessories/plates-for-serving/קרש-חיתוך-והגשה-רינג-אובלי-65/?category_id=128868,https://compassgrill.co.il/grill-smoker-accessories/plates-for-serving/קרש-חיתוך-והגשה-רינג-אובלי-65/
https://compassgrill.co.il/grill-smoker-accessories/plates-for-serving/שמן-טבעי-לעץ-100-מ-ל-להגנה-וחידוש-קרשי-חיתוך-ובוצ-רים/?category_id=128868,https://compassgrill.co.il/grill-smoker-accessories/plates-for-serving/שמן-טבעי-לעץ-100-מ-ל-להגנה-וחידוש-קרשי-חיתוך-ובוצ-רים/
https://compassgrill.co.il/grill-smoker-accessories/plates-for-serving/צלחת-פיצה-אשא-קוטר-30-ס-מ/?category_id=128868,https://compassgrill.co.il/grill-smoker-accessories/plates-for-serving/צלחת-פיצה-אשא-קוטר-30-ס-מ/
https://compassgrill.co.il/grill-smoker-accessories/plates-for-serving/צלחת-שישה-תאים-מעץ-מלא-קוטר-30-דו-צדדית/?category_id=128868,https://compassgrill.co.il/grill-smoker-accessories/plates-for-serving/צלחת-שישה-תאים-מעץ-מלא-קוטר-30-דו-צדדית/
https://compassgrill.co.il/grill-smoker-accessories/plates-for-serving/צלחת-אובלית-מעץ-מלא-25-35-דו-צדדית/?category_id=128868,https://compassgrill.co.il/grill-smoker-accessories/plates-for-serving/צלחת-אובלית-מעץ-מלא-25-35-דו-צדדית/
https://compassgrill.co.il/grill-smoker-accessories/plates-for-serving/קרש-חיתוך-והגשה-רינג-אובלי-55/?category_id=128868,https://compassgrill.co.il/grill-smoker-accessories/plates-for-serving/קרש-חיתוך-והגשה-רינג-אובלי-55/
https://compassgrill.co.il/grill-smoker-accessories/butcher-board/קרש-חיתוך-אשא-25-40-עם-תעלה/?category_id=128801,https://compassgrill.co.il/grill-smoker-accessories/butcher-board/קרש-חיתוך-אשא-25-40-עם-תעלה/
https://compassgrill.co.il/grill-smoker-accessories/plates-for-serving/קרש-חיתוך-סיסם-ארוך-עם-ידית-60-20/?category_id=128868,https://compassgrill.co.il/grill-smoker-accessories/plates-for-serving/קרש-חיתוך-סיסם-ארוך-עם-ידית-60-20/
https://compassgrill.co.il/grill-smoker-accessories/butcher-board/קרש-חיתוך-אשא-25-35-עם-תעלה/?category_id=128801,https://compassgrill.co.il/grill-smoker-accessories/butcher-board/קרש-חיתוך-אשא-25-35-עם-תעלה/
https://compassgrill.co.il/butcher-board/בוצ-ר-אנדגריין-אלון-25-40-עם-תעלה-עבודת-יד/?category_id=128801,https://compassgrill.co.il/butcher-board/בוצ-ר-אנדגריין-אלון-25-40-עם-תעלה-עבודת-יד/
https://compassgrill.co.il/butcher-board/בוצ-ר-אנדגריין-אלון-25-40-ללא-תעלה/?category_id=128801,https://compassgrill.co.il/butcher-board/בוצ-ר-אנדגריין-אלון-25-40-ללא-תעלה/
https://compassgrill.co.il/butcher-board/קרש-חיתוך-סיסם-אירופאי-המלח-פלפל-30-45/?category_id=128801,https://compassgrill.co.il/butcher-board/קרש-חיתוך-סיסם-אירופאי-המלח-פלפל-30-45/
https://compassgrill.co.il/wood-chips-and-chunks-for-smoking/שבבי-עץ-בוק-למעשנה-5-ליטר/?category_id=97766,https://compassgrill.co.il/wood-chips-and-chunks-for-smoking/שבבי-עץ-בוק-למעשנה-5-ליטר/
https://compassgrill.co.il/butcher-board/קרש-חיתוך-מעץ-סיסם-אירופאי-30-50-עם-תעלת-ניקוז/?category_id=128801,https://compassgrill.co.il/butcher-board/קרש-חיתוך-מעץ-סיסם-אירופאי-30-50-עם-תעלת-ניקוז/
https://compassgrill.co.il/butcher-board/בוצ-ר-אנדגריין-אלון-20x35-עם-תעלה/?category_id=128801,https://compassgrill.co.il/butcher-board/בוצ-ר-אנדגריין-אלון-20x35-עם-תעלה/
https://compassgrill.co.il/butcher-board/בוצ-ר-אנדגריין-סיסם-אירופאי-לסושי/?category_id=128801,https://compassgrill.co.il/butcher-board/בוצ-ר-אנדגריין-סיסם-אירופאי-לסושי/
https://compassgrill.co.il/butcher-board/קרש-חיתוך-אלון-עם-ידית-35-20/?category_id=128801,https://compassgrill.co.il/butcher-board/קרש-חיתוך-אלון-עם-ידית-35-20/
https://compassgrill.co.il/butcher-board/בוצ-ר-אנדגריין-מייפל-30-40-ללא-תעלה-עבודת-יד/?category_id=128801,https://compassgrill.co.il/butcher-board/בוצ-ר-אנדגריין-מייפל-30-40-ללא-תעלה-עבודת-יד/
https://compassgrill.co.il/butcher-board/קרש-חיתוך-סיסם-ארוך-עם-ידית-60-20/?category_id=128801,https://compassgrill.co.il/butcher-board/קרש-חיתוך-סיסם-ארוך-עם-ידית-60-20/
https://compassgrill.co.il/butcher-board/קרש-חיתוך-מעץ-סיסם-אירופאי-40-30-עם-תעלת-ניקוז/?category_id=128801,https://compassgrill.co.il/butcher-board/קרש-חיתוך-מעץ-סיסם-אירופאי-40-30-עם-תעלת-ניקוז/
https://compassgrill.co.il/butcher-board/בוצ-ר-אנדגריין-אלון-30x40-עם-תעלה/?category_id=128801,https://compassgrill.co.il/butcher-board/בוצ-ר-אנדגריין-אלון-30x40-עם-תעלה/
https://compassgrill.co.il/butcher-board/קרש-חיתוך-אשא-25-40-עם-תעלה/?category_id=128801,https://compassgrill.co.il/butcher-board/קרש-חיתוך-אשא-25-40-עם-תעלה/
https://compassgrill.co.il/butcher-board/קרש-חיתוך-אשא-20-30-עם-תעלה/?category_id=128801,https://compassgrill.co.il/butcher-board/קרש-חיתוך-אשא-20-30-עם-תעלה/
https://compassgrill.co.il/butcher-board/קרש-חיתוך-אשא-30-45-עם-תעלה-קרש-חיתוך-אשא-30-45-עם-תעלה/?category_id=128801,https://compassgrill.co.il/butcher-board/קרש-חיתוך-אשא-30-45-עם-תעלה-קרש-חיתוך-אשא-30-45-עם-תעלה/
https://compassgrill.co.il/butcher-board/בוצ-ר-אנדגריין-מייפל-25-40-ללא-תעלה/?category_id=128801,https://compassgrill.co.il/butcher-board/בוצ-ר-אנדגריין-מייפל-25-40-ללא-תעלה/
https://compassgrill.co.il/butcher-board/קרש-חיתוך-אשא-25-35-עם-תעלה/?category_id=128801,https://compassgrill.co.il/butcher-board/קרש-חיתוך-אשא-25-35-עם-תעלה/
https://compassgrill.co.il/butcher-board/קרש-חיתוך-מעץ-אשא-30x45-בעובי-4-ס-מ/?category_id=128801,https://compassgrill.co.il/butcher-board/קרש-חיתוך-מעץ-אשא-30x45-בעובי-4-ס-מ/
https://compassgrill.co.il/butcher-board/קרש-חיתוך-מעץ-סיסם-אירופאי-20-30-עם-תעלת-ניקוז/?category_id=128801,https://compassgrill.co.il/butcher-board/קרש-חיתוך-מעץ-סיסם-אירופאי-20-30-עם-תעלת-ניקוז/
https://compassgrill.co.il/butcher-board/בוצ-ר-אנדגריין-אלון-20-30-עם-תעלה/?category_id=128801,https://compassgrill.co.il/butcher-board/בוצ-ר-אנדגריין-אלון-20-30-עם-תעלה/
https://compassgrill.co.il/butcher-board/קרש-חיתוך-מעץ-סיסם-אירופאי-40-25-עם-תעלת-ניקוז/?category_id=128801,https://compassgrill.co.il/butcher-board/קרש-חיתוך-מעץ-סיסם-אירופאי-40-25-עם-תעלת-ניקוז/
https://compassgrill.co.il/grill-smoker-accessories/butcher-board/קרש-חיתוך-מעץ-אשא-30x45-בעובי-4-ס-מ/?category_id=128801,https://compassgrill.co.il/grill-smoker-accessories/butcher-board/קרש-חיתוך-מעץ-אשא-30x45-בעובי-4-ס-מ/
https://compassgrill.co.il/knives-and-accessories/סכין-בשר-26-ס-מ-להב-גבוה-dick-ergogrip/?category_id=35161,https://compassgrill.co.il/knives-and-accessories/סכין-בשר-26-ס-מ-להב-גבוה-dick-ergogrip/
https://compassgrill.co.il/plates-for-serving/שמן-טבעי-לעץ-100-מ-ל-להגנה-וחידוש-קרשי-חיתוך-ובוצ-רים/?category_id=128868,https://compassgrill.co.il/plates-for-serving/שמן-טבעי-לעץ-100-מ-ל-להגנה-וחידוש-קרשי-חיתוך-ובוצ-רים/
https://compassgrill.co.il/plates-for-serving/צלחת-פיצה-אשא-קוטר-30-ס-מ/?category_id=128868,https://compassgrill.co.il/plates-for-serving/צלחת-פיצה-אשא-קוטר-30-ס-מ/
https://compassgrill.co.il/plates-for-serving/קרש-חיתוך-והגשה-רינג-אובלי-55/?category_id=128868,https://compassgrill.co.il/plates-for-serving/קרש-חיתוך-והגשה-רינג-אובלי-55/
https://compassgrill.co.il/plates-for-serving/פרוסת-סיסם-אירופאי-100-קרש-הגשה-טבעי-מעץ-מלא/?category_id=128868,https://compassgrill.co.il/plates-for-serving/פרוסת-סיסם-אירופאי-100-קרש-הגשה-טבעי-מעץ-מלא/
https://compassgrill.co.il/grill-smoker-accessories/butcher-board/קרש-חיתוך-אשא-20-30-עם-תעלה/?category_id=128801,https://compassgrill.co.il/grill-smoker-accessories/butcher-board/קרש-חיתוך-אשא-20-30-עם-תעלה/
https://compassgrill.co.il/grill-smoker-accessories/butcher-board/קרש-חיתוך-אשא-30-45-עם-תעלה-קרש-חיתוך-אשא-30-45-עם-תעלה/?category_id=128801,https://compassgrill.co.il/grill-smoker-accessories/butcher-board/קרש-חיתוך-אשא-30-45-עם-תעלה-קרש-חיתוך-אשא-30-45-עם-תעלה/
https://compassgrill.co.il/grill-smoker-accessories/butcher-board/בוצ-ר-אנדגריין-אלון-20x35-עם-תעלה/?category_id=128801,https://compassgrill.co.il/grill-smoker-accessories/butcher-board/בוצ-ר-אנדגריין-אלון-20x35-עם-תעלה/
https://compassgrill.co.il/grill-smoker-accessories/butcher-board/קרש-חיתוך-מעץ-סיסם-אירופאי-30-50-עם-תעלת-ניקוז/?category_id=128801,https://compassgrill.co.il/grill-smoker-accessories/butcher-board/קרש-חיתוך-מעץ-סיסם-אירופאי-30-50-עם-תעלת-ניקוז/
https://compassgrill.co.il/grill-smoker-accessories/butcher-board/קרש-חיתוך-מעץ-סיסם-אירופאי-20-30-עם-תעלת-ניקוז/?category_id=128801,https://compassgrill.co.il/grill-smoker-accessories/butcher-board/קרש-חיתוך-מעץ-סיסם-אירופאי-20-30-עם-תעלת-ניקוז/
https://compassgrill.co.il/grill-smoker-accessories/butcher-board/קרש-חיתוך-מעץ-סיסם-אירופאי-40-30-עם-תעלת-ניקוז/?category_id=128801,https://compassgrill.co.il/grill-smoker-accessories/butcher-board/קרש-חיתוך-מעץ-סיסם-אירופאי-40-30-עם-תעלת-ניקוז/
https://compassgrill.co.il/grill-smoker-accessories/butcher-board/בוצ-ר-אנדגריין-אלון-25-40-ללא-תעלה/?category_id=128801,https://compassgrill.co.il/grill-smoker-accessories/butcher-board/בוצ-ר-אנדגריין-אלון-25-40-ללא-תעלה/
https://compassgrill.co.il/grill-smoker-accessories/butcher-board/בוצ-ר-אנדגריין-אלון-25-40-עם-תעלה-עבודת-יד/?category_id=128801,https://compassgrill.co.il/grill-smoker-accessories/butcher-board/בוצ-ר-אנדגריין-אלון-25-40-עם-תעלה-עבודת-יד/
https://compassgrill.co.il/grill-smoker-accessories/butcher-board/בוצ-ר-אנדגריין-אלון-20-30-עם-תעלה/?category_id=128801,https://compassgrill.co.il/grill-smoker-accessories/butcher-board/בוצ-ר-אנדגריין-אלון-20-30-עם-תעלה/
https://compassgrill.co.il/grill-smoker-accessories/butcher-board/קרש-חיתוך-אלון-עם-ידית-35-20/?category_id=128801,https://compassgrill.co.il/grill-smoker-accessories/butcher-board/קרש-חיתוך-אלון-עם-ידית-35-20/
https://compassgrill.co.il/knives-and-accessories/סכין-בשר-חריצים-26-ס-מ-להב-גבוה-dick-ergogrip/?category_id=35161,https://compassgrill.co.il/knives-and-accessories/סכין-בשר-חריצים-26-ס-מ-להב-גבוה-dick-ergogrip/
https://compassgrill.co.il/grill-smoker-accessories/butcher-board/בוצ-ר-אנדגריין-סיסם-אירופאי-לסושי/?category_id=128801,https://compassgrill.co.il/grill-smoker-accessories/butcher-board/בוצ-ר-אנדגריין-סיסם-אירופאי-לסושי/
https://compassgrill.co.il/grill-smoker-accessories/butcher-board/קרש-חיתוך-סיסם-ארוך-עם-ידית-60-20/?category_id=128801,https://compassgrill.co.il/grill-smoker-accessories/butcher-board/קרש-חיתוך-סיסם-ארוך-עם-ידית-60-20/
https://compassgrill.co.il/grill-smoker-accessories/butcher-board/קרש-חיתוך-סיסם-אירופאי-המלח-פלפל-30-45/?category_id=128801,https://compassgrill.co.il/grill-smoker-accessories/butcher-board/קרש-חיתוך-סיסם-אירופאי-המלח-פלפל-30-45/
https://compassgrill.co.il/grill-smoker-accessories/butcher-board/בוצ-ר-אנדגריין-אלון-30x40-עם-תעלה/?category_id=128801,https://compassgrill.co.il/grill-smoker-accessories/butcher-board/בוצ-ר-אנדגריין-אלון-30x40-עם-תעלה/
https://compassgrill.co.il/knives-and-accessories/סכין-סנטוקו-מחוזקת-חריצים-18-ס-מ-berox/?category_id=35161,https://compassgrill.co.il/knives-and-accessories/סכין-סנטוקו-מחוזקת-חריצים-18-ס-מ-berox/
https://compassgrill.co.il/knives-and-accessories/סכין-שף-חלקה-ידית-שחורה-21-ס-מ-berox/?category_id=35161,https://compassgrill.co.il/knives-and-accessories/סכין-שף-חלקה-ידית-שחורה-21-ס-מ-berox/
https://compassgrill.co.il/eitan-meat-eilat/שוקיים-עוף-ארוז-שחיטת-הרב-מחפוד-אילת/?category_id=125603,https://compassgrill.co.il/eitan-meat-eilat/שוקיים-עוף-ארוז-שחיטת-הרב-מחפוד-אילת/
https://compassgrill.co.il/gifts/ -berox/?category_id=128869,https://compassgrill.co.il/gifts/ -berox/
https://compassgrill.co.il/eitan-meat-eilat/עופות-קפוא/chicken-steak-in-soy-honey-sauce-1kg-1/?category_id=125608,https://compassgrill.co.il/eitan-meat-eilat/עופות-קפוא/chicken-steak-in-soy-honey-sauce-1kg/
https://compassgrill.co.il/גריל-גז-2-מבערים/ultimate-griddle-2-גריל-פלאנצ-ה-חדשני/?category_id=108373,https://compassgrill.co.il/גריל-גז-2-מבערים/ultimate-griddle-2-גריל-פלאנצ-ה-חדשני/
https://compassgrill.co.il/gas-grills/ultimate-griddle-2-גריל-פלאנצ-ה-חדשני/?category_id=35202,https://compassgrill.co.il/gas-grills/ultimate-griddle-2-גריל-פלאנצ-ה-חדשני/
https://compassgrill.co.il/gas-grills/addizio-גריל-גז-3-מבערים/?category_id=35202,https://compassgrill.co.il/gas-grills/addizio-גריל-גז-3-מבערים/
https://compassgrill.co.il/מעשנות-פלט/מעשנת-ארון-פלט-vertical-7/?category_id=34516,https://compassgrill.co.il/מעשנות-פלט/מעשנת-ארון-פלט-vertical-7/
https://compassgrill.co.il/בשר-טרי/premium-certified-entrecote-pairs-vacuum-packed-500g-1/?category_id=125606,https://compassgrill.co.il/בשר-טרי/premium-certified-entrecote-pairs-vacuum-packed-500g/
https://compassgrill.co.il/outdoor-kitchen-1-1/מטבח-חוץ-קלאסיק-1/?category_id=97698,https://compassgrill.co.il/outdoor-kitchen-1-1/מטבח-חוץ-קלאסיק/
https://compassgrill.co.il/מעשנות-גרילים-וטנדור-מעשנות-גרילים-וטנדור-מעשנות-גרילים-וטנדור/boretti-ibrido-גריל-משולב-גז-פחמים/?category_id=97703,https://compassgrill.co.il/מעשנות-גרילים-וטנדור-מעשנות-גרילים-וטנדור-מעשנות-גרילים-וטנדור/boretti-ibrido-גריל-משולב-גז-פחמים/
https://compassgrill.co.il/בשרים-קפואים/קבב-עגל-טלה-140-גר-6-יח-במארז/?category_id=66836,https://compassgrill.co.il/בשרים-קפואים/קבב-עגל-טלה-140-גר-6-יח-במארז/
https://compassgrill.co.il/בשר-טרי/denver-steak-fl-sliced-vacuum-packed-300g-1/?category_id=125606,https://compassgrill.co.il/בשר-טרי/denver-steak-fl-sliced-vacuum-packed-300g/
https://compassgrill.co.il/ריהוט-גן-ומוצרים-נלווים/מעשנת-ארון-פלט-vertical-3/?category_id=80649,https://compassgrill.co.il/ריהוט-גן-ומוצרים-נלווים/מעשנת-ארון-פלט-vertical/
https://compassgrill.co.il/gas-grills/גריל-גז-rogue-xt-365sib-il-שחור/?category_id=35202,https://compassgrill.co.il/gas-grills/גריל-גז-rogue-xt-365sib-il-שחור/
https://compassgrill.co.il/frozen-meat/kosher-calf-sweetbreads-argentina-1kg/?category_id=66836,https://compassgrill.co.il/frozen-meat/kosher-calf-sweetbreads-argentina-1kg/
https://compassgrill.co.il/smoker-tandoor/מעשנת-ארון-פלט-vertical-3/?category_id=34515,https://compassgrill.co.il/smoker-tandoor/מעשנת-ארון-פלט-vertical/
https://compassgrill.co.il/grill-smoker-accessories/כלים-מברזל-ייצוק/כלים-מברזל-ייצוק-1/פלנצ-ה-צליה-עגולה-דו-צ-יציקת-ברזל-1/?category_id=35280,https://compassgrill.co.il/grill-smoker-accessories/כלים-מברזל-ייצוק/כלים-מברזל-ייצוק-1/פלנצ-ה-צליה-עגולה-דו-צ-יציקת-ברזל/
https://compassgrill.co.il/מטבחי-גן-וציוד-נלווה-1/מטבחי-גן-וציוד-נלווה/מטבח-חוץ-קלאסיק-1/?category_id=80794,https://compassgrill.co.il/מטבחי-גן-וציוד-נלווה-1/מטבחי-גן-וציוד-נלווה/מטבח-חוץ-קלאסיק/
https://compassgrill.co.il/grill-smoker-accessories/כלים-מברזל-ייצוק/פלנצ-ה-צליה-עגולה-דו-צ-יציקת-ברזל-1/?category_id=35279,https://compassgrill.co.il/grill-smoker-accessories/כלים-מברזל-ייצוק/פלנצ-ה-צליה-עגולה-דו-צ-יציקת-ברזל/
https://compassgrill.co.il/כלים-מברזל-ייצוק-1/cast-iron-round-griddle-1/?category_id=35280,https://compassgrill.co.il/כלים-מברזל-ייצוק-1/cast-iron-round-griddle/
https://compassgrill.co.il/skome-woods-chips/pear-wood-smoking-chunks/?category_id=97765,https://compassgrill.co.il/skome-woods-chips/pear-wood-smoking-chunks/
https://compassgrill.co.il/eitan-meat-2/meat-vending-machine-24-7/veal-patties-800g-frozen-automatic-247/?category_id=125471,https://compassgrill.co.il/eitan-meat-2/meat-vending-machine-24-7/veal-patties-800g-frozen-automatic-247/
https://compassgrill.co.il/בשר-טרי/fattened-angus-entrecote-sliced-pairs-1/?category_id=125606,https://compassgrill.co.il/בשר-טרי/fattened-angus-entrecote-sliced-pairs/
https://compassgrill.co.il/eitan-meat-2/poultry-3/thin-sliced-chicken-breast-1kg/?category_id=105748,https://compassgrill.co.il/eitan-meat-2/poultry-3/thin-sliced-chicken-breast-1kg/
https://compassgrill.co.il/grill-smoker-accessories/cast-iron-tools-plov-cooking/dual-cast-iron-round-griddle-1/?category_id=35279,https://compassgrill.co.il/grill-smoker-accessories/cast-iron-tools-plov-cooking/dual-cast-iron-round-griddle/
https://compassgrill.co.il/בשר-טרי/אנטריקוט-פידלוט-בלאק-אנגוס-חצוי-טרי-1/?category_id=125606,https://compassgrill.co.il/בשר-טרי/אנטריקוט-פידלוט-בלאק-אנגוס-חצוי-טרי/
https://compassgrill.co.il/eitan-meat-eilat/בשר-טרי/אנטריקוט-פידלוט-בלאק-אנגוס-חצוי-טרי-1/?category_id=125606,https://compassgrill.co.il/eitan-meat-eilat/בשר-טרי/אנטריקוט-פידלוט-בלאק-אנגוס-חצוי-טרי/
https://compassgrill.co.il/eitan-meat-eilat/בשר-טרי/fattened-angus-entrecote-sliced-pairs-1/?category_id=125606,https://compassgrill.co.il/eitan-meat-eilat/בשר-טרי/fattened-angus-entrecote-sliced-pairs/
https://compassgrill.co.il/grill-smoker-accessories/wood-chips-and-chunks-for-smoking/oak-wood-chunks/?category_id=97766,https://compassgrill.co.il/grill-smoker-accessories/wood-chips-and-chunks-for-smoking/oak-wood-chunks/
https://compassgrill.co.il/מוצרי-איתן-מעדני-בשר-אילת/קבב-עגל-טלה-140-גר-6-יח-במארז/?category_id=66834,https://compassgrill.co.il/מוצרי-איתן-מעדני-בשר-אילת/קבב-עגל-טלה-140-גר-6-יח-במארז/
https://compassgrill.co.il/fuel-wood-smoking-pellets-charcoal/oak-wood-chunks/?category_id=97685,https://compassgrill.co.il/fuel-wood-smoking-pellets-charcoal/oak-wood-chunks/
https://compassgrill.co.il/wood-chips-and-chunks-for-smoking/oak-wood-chunks/?category_id=97766,https://compassgrill.co.il/wood-chips-and-chunks-for-smoking/oak-wood-chunks/
https://compassgrill.co.il/grill-smoker-accessories/compass-skewers/leather-case-stainless-steel-skewers-2/?category_id=38152,https://compassgrill.co.il/grill-smoker-accessories/compass-skewers/leather-case-stainless-steel-skewers/
https://compassgrill.co.il/גריל-גז-2-מבערים/גריל-גז-rogue-xt-365sib-il-שחור/?category_id=108373,https://compassgrill.co.il/גריל-גז-2-מבערים/גריל-גז-rogue-xt-365sib-il-שחור/
https://compassgrill.co.il/eitan-meat-2/fresh-beef/feedlot-angus-sirloin-steak/?category_id=66835,https://compassgrill.co.il/eitan-meat-2/fresh-beef/feedlot-angus-sirloin-steak/
https://compassgrill.co.il/grill-smoker-accessories/compass-skewers/שיפודי-נירוסטה-יוקרתיים-עם-ידית-ברונזה-מארז-עור-פרימיום-copy-0/?category_id=38152,https://compassgrill.co.il/grill-smoker-accessories/compass-skewers/שיפודי-נירוסטה-יוקרתיים-עם-ידית-ברונזה-מארז-עור-פרימיום/
https://compassgrill.co.il/grill-smoker-accessories/שיפודי-נירוסטה-יוקרתיים-עם-ידית-ברונזה-מארז-עור-פרימיום-copy-0/?category_id=37972,https://compassgrill.co.il/grill-smoker-accessories/שיפודי-נירוסטה-יוקרתיים-עם-ידית-ברונזה-מארז-עור-פרימיום/
https://compassgrill.co.il/tandoor-products-and-accessories/premium-italian-basalte-firebrick-30x30/?category_id=35145,https://compassgrill.co.il/tandoor-products-and-accessories/premium-italian-basalte-firebrick-30x30/
https://compassgrill.co.il/oak-wood-for-smoking/oak-wood-chunks/?category_id=97685,https://compassgrill.co.il/oak-wood-for-smoking/oak-wood-chunks/
https://compassgrill.co.il/smoker-tandoor/שיפודי-נירוסטה-יוקרתיים-עם-ידית-ברונזה-מארז-עור-פרימיום-copy-0/?category_id=34515,https://compassgrill.co.il/smoker-tandoor/שיפודי-נירוסטה-יוקרתיים-עם-ידית-ברונזה-מארז-עור-פרימיום/
https://compassgrill.co.il/grill-smoker-accessories/compass-skewers/6-pcs-flat-stainless-steel-skewers-for-meat-poultry-vegetables-700x3x20-1/?category_id=38152,https://compassgrill.co.il/grill-smoker-accessories/compass-skewers/6-pcs-flat-stainless-steel-skewers-for-meat-poultry-vegetables-700x3x20/
https://compassgrill.co.il/outdoor-kitchen-9/classic-outdoor-kitchen-1/?category_id=97698,https://compassgrill.co.il/outdoor-kitchen-9/classic-outdoor-kitchen/
https://compassgrill.co.il/grill-smoker-accessories/wood-chips-and-chunks-for-smoking/pecan-wood-chunks/?category_id=97766,https://compassgrill.co.il/grill-smoker-accessories/wood-chips-and-chunks-for-smoking/pecan-wood-chunks/
https://compassgrill.co.il/eitan-meat-2/fresh-beef/angus-filet-fl-block-1-5kg/?category_id=66835,https://compassgrill.co.il/eitan-meat-2/fresh-beef/angus-filet-fl-block-1-5kg/
https://compassgrill.co.il/grill-smoker-accessories/שיפודי-נירוסטה-יוקרתיים-עם-ידית-ברונזה-מארז-עור-פרימיום-1/?category_id=37972,https://compassgrill.co.il/grill-smoker-accessories/שיפודי-נירוסטה-יוקרתיים-עם-ידית-ברונזה-מארז-עור-פרימיום/
https://compassgrill.co.il/skome-woods-chips/apple-wood-chunks/?category_id=97765,https://compassgrill.co.il/skome-woods-chips/apple-wood-chunks/
https://compassgrill.co.il/eitan-meat-2/fresh-beef/sliced-feedlot-sirloin/?category_id=66835,https://compassgrill.co.il/eitan-meat-2/fresh-beef/sliced-feedlot-sirloin/
https://compassgrill.co.il/eitan-meat-2/fresh-beef/veal-filet-medallions-5-pcs-500g/?category_id=66835,https://compassgrill.co.il/eitan-meat-2/fresh-beef/veal-filet-medallions-5-pcs-500g/
https://compassgrill.co.il/smoker-tandoor/מנגל-פחמים-ומנגל-לשיפודים/charcoal-grill-with-legs-for-8-skewers-foldable-with-bag/?category_id=36001,https://compassgrill.co.il/smoker-tandoor/מנגל-פחמים-ומנגל-לשיפודים/charcoal-grill-with-legs-for-8-skewers-foldable-with-bag/
https://compassgrill.co.il/eitan-meat-2/fresh-beef/fattened-angus-entrecote-sliced-pairs/?category_id=66835,https://compassgrill.co.il/eitan-meat-2/fresh-beef/fattened-angus-entrecote-sliced-pairs/
https://compassgrill.co.il/eitan-meat-2/fresh-beef/denver-steak-fl-sliced-vacuum-packed-300g/?category_id=66835,https://compassgrill.co.il/eitan-meat-2/fresh-beef/denver-steak-fl-sliced-vacuum-packed-300g/
https://compassgrill.co.il/eitan-meat-2/chicken-steak-teriyaki-1kg/?category_id=66834,https://compassgrill.co.il/eitan-meat-2/chicken-steak-teriyaki-1kg/
https://compassgrill.co.il/eitan-meat-2/poultry-3/כבד-אווז-קפוא-ארוז-פרימיום-copy-0/?category_id=105748,https://compassgrill.co.il/eitan-meat-2/poultry-3/כבד-אווז-קפוא-ארוז-פרימיום/
https://compassgrill.co.il/gas-grill-smokers-tandoor/pro-1600/?category_id=97701,https://compassgrill.co.il/gas-grill-smokers-tandoor/pro-1600/
https://compassgrill.co.il/tandoor-products-and-accessories/cozzepro17/?category_id=35145,https://compassgrill.co.il/tandoor-products-and-accessories/cozzepro17/
https://compassgrill.co.il/tandoor-products-and-accessories/essenza-pizza-peel-34cm/?category_id=35145,https://compassgrill.co.il/tandoor-products-and-accessories/essenza-pizza-peel-34cm/
https://compassgrill.co.il/eitan-meat-2/fresh-beef/premium-certified-entrecote-pairs-vacuum-packed-500g/?category_id=66835,https://compassgrill.co.il/eitan-meat-2/fresh-beef/premium-certified-entrecote-pairs-vacuum-packed-500g/
https://compassgrill.co.il/eitan-meat-2/frozen-ground-meat/cinnamon-kebab-on-stick-55g-12-pcs-tray/?category_id=66897,https://compassgrill.co.il/eitan-meat-2/frozen-ground-meat/cinnamon-kebab-on-stick-55g-12-pcs-tray/
https://compassgrill.co.il/compass-skewers/charcoal-grill-for-6-skewers-foldable-with-bag-1/?category_id=38152,https://compassgrill.co.il/compass-skewers/charcoal-grill-for-6-skewers-foldable-with-bag/
https://compassgrill.co.il/eitan-meat-2/fresh-beef/black-angus-feedlot-shoulder-roast-no-5-2kg/?category_id=66835,https://compassgrill.co.il/eitan-meat-2/fresh-beef/black-angus-feedlot-shoulder-roast-no-5-2kg/
https://compassgrill.co.il/meat-aging-treatment/רשת-רולדה-מידה-16-אורך-50-מטר/?category_id=121072,https://compassgrill.co.il/meat-aging-treatment/רשת-רולדה-מידה-16-אורך-50-מטר/
https://compassgrill.co.il/eitan-meat-2/frozen-ground-meat/iraqi-meatballs-1/?category_id=66897,https://compassgrill.co.il/eitan-meat-2/frozen-ground-meat/iraqi-meatballs/
https://compassgrill.co.il/eitan-meat-2/frozen-ground-meat/veal-lamb-kebab-140g-6-pcs-pack/?category_id=66897,https://compassgrill.co.il/eitan-meat-2/frozen-ground-meat/veal-lamb-kebab-140g-6-pcs-pack/
https://compassgrill.co.il/compass-skewers/luxury-stainless-steel-skewers-with-bronze-handle-and-premium-leather-case-1/?category_id=38152,https://compassgrill.co.il/compass-skewers/luxury-stainless-steel-skewers-with-bronze-handle-and-premium-leather-case/
https://compassgrill.co.il/modular-outdoor-kitchens/cbu-611-al-black-kit/?category_id=80794,https://compassgrill.co.il/modular-outdoor-kitchens/cbu-611-al-black-kit/
https://compassgrill.co.il/smoker-tandoor/tandoor-clay-cooking-tools/persian/?category_id=70159,https://compassgrill.co.il/smoker-tandoor/tandoor-clay-cooking-tools/persian/
https://compassgrill.co.il/pellet-smokers/premium-heat-resistant-glove/?category_id=34516,https://compassgrill.co.il/pellet-smokers/premium-heat-resistant-glove/
https://compassgrill.co.il/smoker-tandoor/tandoor-clay-cooking-tools/assman/?category_id=70159,https://compassgrill.co.il/smoker-tandoor/tandoor-clay-cooking-tools/assman/
https://compassgrill.co.il/heat-temperature-gauges/bluetooth-thermometer-6-probes/?category_id=34577,https://compassgrill.co.il/heat-temperature-gauges/bluetooth-thermometer-6-probes/
https://compassgrill.co.il/giesser-knives/premiumcut-slicer-31/?category_id=104927,https://compassgrill.co.il/giesser-knives/premiumcut-slicer-31/
https://compassgrill.co.il/frozen-meat/molard/?category_id=66836,https://compassgrill.co.il/frozen-meat/molard/
https://compassgrill.co.il/charcoal-grill-smokers-tandoor/charcoal-professional/?category_id=97704,https://compassgrill.co.il/charcoal-grill-smokers-tandoor/charcoal-professional/
https://compassgrill.co.il/frozen-meat/angus-burger-220g-4-pcs-tray-chef-recipe/?category_id=66836,https://compassgrill.co.il/frozen-meat/angus-burger-220g-4-pcs-tray-chef-recipe/
https://compassgrill.co.il/meat-aging-refrigerators-products/umai/שקיות-יישון-בשר-25-50-ס-מ-4-יחידות-umai-dry/?category_id=36000,https://compassgrill.co.il/meat-aging-refrigerators-products/umai/שקיות-יישון-בשר-25-50-ס-מ-4-יחידות-umai-dry/
https://compassgrill.co.il/4-burner-gas-grill/freestyle-425-gas-grill-with-infrared-side-burner-1/?category_id=108564,https://compassgrill.co.il/4-burner-gas-grill/freestyle-425-gas-grill-with-infrared-side-burner/
https://compassgrill.co.il/cast-iron-tools-plov-cooking/cast-iron-cooking-tools/cast-iron-cook-set/?category_id=35280,https://compassgrill.co.il/cast-iron-tools-plov-cooking/cast-iron-cooking-tools/cast-iron-cook-set/
https://compassgrill.co.il/butcher-kfar-saba/black-angus-feedlot-shoulder-roast-no-5-2kg/?category_id=66834,https://compassgrill.co.il/butcher-kfar-saba/black-angus-feedlot-shoulder-roast-no-5-2kg/
https://compassgrill.co.il/tandoor-clay-cooking-tools/atman/?category_id=70159,https://compassgrill.co.il/tandoor-clay-cooking-tools/atman/
https://compassgrill.co.il/fresh-beef/פוינט-בריסקט-מס-3-אנגוס-פידלוט/?category_id=66835,https://compassgrill.co.il/fresh-beef/פוינט-בריסקט-מס-3-אנגוס-פידלוט/
https://compassgrill.co.il/modular-outdoor-kitchens/128293-גריל-גז-סיזר-nero-6-מבערים-יחידת-מגירות-יחידת-כיור-caesar-nero-black/?category_id=80794,https://compassgrill.co.il/modular-outdoor-kitchens/128293-גריל-גז-סיזר-nero-6-מבערים-יחידת-מגירות-יחידת-כיור-caesar-nero-black/
https://compassgrill.co.il/cast-iron-tools-plov-cooking/12l-asian-kazan-cast-iron-lid-uncoated/?category_id=35279,https://compassgrill.co.il/cast-iron-tools-plov-cooking/12l-asian-kazan-cast-iron-lid-uncoated/
https://compassgrill.co.il/cast-iron-zhigong-cooking-kazan/12l-asian-kazan-cast-iron-lid-uncoated/?category_id=70270,https://compassgrill.co.il/cast-iron-zhigong-cooking-kazan/12l-asian-kazan-cast-iron-lid-uncoated/
https://compassgrill.co.il/knives-and-accessories/giesser-knives/premiumcut-slicer-31/?category_id=104927,https://compassgrill.co.il/knives-and-accessories/giesser-knives/premiumcut-slicer-31/
https://compassgrill.co.il/eitan-meat-eilat/fresh-meat-eilat/feedlot-angus-sirloin-steak-1/?category_id=125606,https://compassgrill.co.il/eitan-meat-eilat/fresh-meat-eilat/feedlot-angus-sirloin-steak/
https://compassgrill.co.il/knives-and-accessories/giesser-knives/tradition-chef-knife-20-26cm/?category_id=104927,https://compassgrill.co.il/knives-and-accessories/giesser-knives/tradition-chef-knife-20-26cm/
https://compassgrill.co.il/cast-iron-tools-plov-cooking/cast-iron-cooking-tools/12l-asian-kazan-cast-iron-lid-uncoated/?category_id=35280,https://compassgrill.co.il/cast-iron-tools-plov-cooking/cast-iron-cooking-tools/12l-asian-kazan-cast-iron-lid-uncoated/
https://compassgrill.co.il/gas-grills-1/2-burner-gas-grill/bernini-nero/?category_id=108373,https://compassgrill.co.il/gas-grills-1/2-burner-gas-grill/bernini-nero/
https://compassgrill.co.il/smoker-tandoor/fratello/?category_id=34515,https://compassgrill.co.il/smoker-tandoor/fratello/
https://compassgrill.co.il/frozen-meat/premium-sliced-lamb-ribs-6-pieces-tray/?category_id=66836,https://compassgrill.co.il/frozen-meat/premium-sliced-lamb-ribs-6-pieces-tray/
https://compassgrill.co.il/eitan-meat-eilat/חזה-אווז-ארוז-בוואקום-2/?category_id=125603,https://compassgrill.co.il/eitan-meat-eilat/חזה-אווז-ארוז-בוואקום/
https://compassgrill.co.il/fuel-wood-smoking-pellets-charcoal/plum-smoking-chips/?category_id=97685,https://compassgrill.co.il/fuel-wood-smoking-pellets-charcoal/plum-smoking-chips/
https://compassgrill.co.il/grill-smoker-accessories/heat-temperature-gauges/digital-thermometer-for-smokers-and-gas-grill-with-2-probes/?category_id=34577,https://compassgrill.co.il/grill-smoker-accessories/heat-temperature-gauges/digital-thermometer-for-smokers-and-gas-grill-with-2-probes/
https://compassgrill.co.il/butcher-kfar-saba/premium-ground-beef-lamb-1kg-tray/?category_id=66834,https://compassgrill.co.il/butcher-kfar-saba/premium-ground-beef-lamb-1kg-tray/
https://compassgrill.co.il/smoker-tandoor/charcoal-grill-and-skewer-bbq/charcoal-professional-il/?category_id=36001,https://compassgrill.co.il/smoker-tandoor/charcoal-grill-and-skewer-bbq/charcoal-professional-il/
https://compassgrill.co.il/grill-smoker-accessories/cast-iron-tools-plov-cooking/dual-cast-iron-round-griddle/?category_id=35279,https://compassgrill.co.il/grill-smoker-accessories/cast-iron-tools-plov-cooking/dual-cast-iron-round-griddle/
https://compassgrill.co.il/cast-iron-tools-plov-cooking/cast-iron-cooking-tools/6l-asian-kazan-cast-iron-lid-uncoated/?category_id=35280,https://compassgrill.co.il/cast-iron-tools-plov-cooking/cast-iron-cooking-tools/6l-asian-kazan-cast-iron-lid-uncoated/
https://compassgrill.co.il/gas-grills-1/3-burner-gas-grill/ultimate-griddle-3/?category_id=108375,https://compassgrill.co.il/gas-grills-1/3-burner-gas-grill/ultimate-griddle/
https://compassgrill.co.il/cast-iron-tools-plov-cooking/cast-iron-cooking-tools/cast-iron-round-griddle-1/?category_id=35280,https://compassgrill.co.il/cast-iron-tools-plov-cooking/cast-iron-cooking-tools/cast-iron-round-griddle/
https://compassgrill.co.il/meat-aging-treatment/sous-vide-5/anova-vacuum-sealer/?category_id=70271,https://compassgrill.co.il/meat-aging-treatment/sous-vide-5/anova-vacuum-sealer/
https://compassgrill.co.il/butcher-kfar-saba/fresh-beef/argentina-beef-6/?category_id=66835,https://compassgrill.co.il/butcher-kfar-saba/fresh-beef/argentina-beef-6/
https://compassgrill.co.il/smoker-tandoor/terzo/?category_id=34515,https://compassgrill.co.il/smoker-tandoor/terzo/
https://compassgrill.co.il/frozen-ground-meat/iraqi-meatballs-1/?category_id=66897,https://compassgrill.co.il/frozen-ground-meat/iraqi-meatballs/
https://compassgrill.co.il/grill-smoker-accessories/wood-chips-and-chunks-for-smoking/apricot-wood-smoking-chips/?category_id=97766,https://compassgrill.co.il/grill-smoker-accessories/wood-chips-and-chunks-for-smoking/apricot-wood-smoking-chips/
https://compassgrill.co.il/smoker-tandoor/tandoor-clay-cooking-tools/skiff/?category_id=70159,https://compassgrill.co.il/smoker-tandoor/tandoor-clay-cooking-tools/skiff/
https://compassgrill.co.il/grill-smoker-accessories/meat-aging-refrigerators-products/umai/שקיות-יישון-בשר-25-50-ס-מ-4-יחידות-umai-dry/?category_id=36000,https://compassgrill.co.il/grill-smoker-accessories/meat-aging-refrigerators-products/umai/שקיות-יישון-בשר-25-50-ס-מ-4-יחידות-umai-dry/
https://compassgrill.co.il/meat-aging-treatment/meat-accessories-tools/burger-stainless-ring-13/?category_id=121090,https://compassgrill.co.il/meat-aging-treatment/meat-accessories-tools/burger-stainless-ring-13/
https://compassgrill.co.il/gas-grills-1/2-burner-gas-grill/rxt365sibpk-1-il/?category_id=108373,https://compassgrill.co.il/gas-grills-1/2-burner-gas-grill/rxt365sibpk-1-il/
https://compassgrill.co.il/grill-smoker-accessories/heat-temperature-gauges/bluetooth-thermometer-2-probes/?category_id=34577,https://compassgrill.co.il/grill-smoker-accessories/heat-temperature-gauges/bluetooth-thermometer-2-probes/
https://compassgrill.co.il/garden-firepits-and-decor/fire-table-lunar-bowl/?category_id=95012,https://compassgrill.co.il/garden-firepits-and-decor/fire-table-lunar-bowl/
https://compassgrill.co.il/grill-smoker-accessories/knives-and-accessories/premiumcut-3-piece-set/?category_id=35161,https://compassgrill.co.il/grill-smoker-accessories/knives-and-accessories/premiumcut-3-piece-set/
https://compassgrill.co.il/meat-aging-treatment/meat-accessories-tools/cast-iron-griddle-pitboss/?category_id=121090,https://compassgrill.co.il/meat-aging-treatment/meat-accessories-tools/cast-iron-griddle-pitboss/
https://compassgrill.co.il/meat-aging-treatment/meat-accessories-tools/meat-claws/?category_id=121090,https://compassgrill.co.il/meat-aging-treatment/meat-accessories-tools/meat-claws/
https://compassgrill.co.il/meat-aging-treatment/sauce-pan-with-brush/?category_id=121072,https://compassgrill.co.il/meat-aging-treatment/sauce-pan-with-brush/
https://compassgrill.co.il/cast-iron-tools-plov-cooking/cast-iron-cooking-tools/cast-iron-grill-charcoal-holder/?category_id=35280,https://compassgrill.co.il/cast-iron-tools-plov-cooking/cast-iron-cooking-tools/cast-iron-grill-charcoal-holder/
https://compassgrill.co.il/gas-grills-1/3-burner-gas-grill/r425pk-2-il/?category_id=108375,https://compassgrill.co.il/gas-grills-1/3-burner-gas-grill/r425pk-2-il/
https://compassgrill.co.il/grill-smoker-accessories/heat-temperature-gauges/probe-thermometer/?category_id=34577,https://compassgrill.co.il/grill-smoker-accessories/heat-temperature-gauges/probe-thermometer/
https://compassgrill.co.il/knives-and-accessories/giesser-knives/premiumcut-butcher-cleaver-22cm/?category_id=104927,https://compassgrill.co.il/knives-and-accessories/giesser-knives/premiumcut-butcher-cleaver-22cm/
https://compassgrill.co.il/eitan-meat-eilat/בשרים-קפואים/angus-fl-boneless-assaado-snacks-500g-1/?category_id=125607,https://compassgrill.co.il/eitan-meat-eilat/בשרים-קפואים/angus-fl-boneless-assaado-snacks-500g/
https://compassgrill.co.il/knives-and-accessories/giesser-knives/premiumcut-office-knife-10cm/?category_id=104927,https://compassgrill.co.il/knives-and-accessories/giesser-knives/premiumcut-office-knife-10cm/
https://compassgrill.co.il/knives-and-accessories/giesser-knives/premiumcut-chef/?category_id=104927,https://compassgrill.co.il/knives-and-accessories/giesser-knives/premiumcut-chef/
https://compassgrill.co.il/grill-smoker-accessories/grill-grate/?category_id=37972,https://compassgrill.co.il/grill-smoker-accessories/grill-grate/
https://compassgrill.co.il/compass-skewers/bronz/?category_id=38152,https://compassgrill.co.il/compass-skewers/bronz/
https://compassgrill.co.il/knives-and-accessories/giesser-knives/tradition-kitchen-knife-16cm/?category_id=104927,https://compassgrill.co.il/knives-and-accessories/giesser-knives/tradition-kitchen-knife-16cm/
https://compassgrill.co.il/knives-and-accessories/giesser-knives/premiumcut-carving-set/?category_id=104927,https://compassgrill.co.il/knives-and-accessories/giesser-knives/premiumcut-carving-set/
https://compassgrill.co.il/cast-iron-tools-plov-cooking/cast-iron-cooking-tools/dual-sided-cast-iron-rectangular-griddle/?category_id=35280,https://compassgrill.co.il/cast-iron-tools-plov-cooking/cast-iron-cooking-tools/dual-sided-cast-iron-rectangular-griddle/
https://compassgrill.co.il/cast-iron-tools-plov-cooking/cast-iron-cooking-tools/קאזן-אסייתי-10-ליטר-עם-מכסה-מברזל-יצוק-ללא-ציפוי-1/?category_id=35280,https://compassgrill.co.il/cast-iron-tools-plov-cooking/cast-iron-cooking-tools/קאזן-אסייתי-10-ליטר-עם-מכסה-מברזל-יצוק-ללא-ציפוי/
https://compassgrill.co.il/knives-and-accessories/giesser-knives/premiumcut-steak-knife-12cm/?category_id=104927,https://compassgrill.co.il/knives-and-accessories/giesser-knives/premiumcut-steak-knife-12cm/
https://compassgrill.co.il/cast-iron-tools-plov-cooking/cast-iron-zhigong-cooking-kazan/קאזן-אסייתי-10-ליטר-עם-מכסה-מברזל-יצוק-ללא-ציפוי-1/?category_id=70270,https://compassgrill.co.il/cast-iron-tools-plov-cooking/cast-iron-zhigong-cooking-kazan/קאזן-אסייתי-10-ליטר-עם-מכסה-מברזל-יצוק-ללא-ציפוי/
https://compassgrill.co.il/cast-iron-tools-plov-cooking/cast-iron-zhigong-cooking-kazan/12l-asian-kazan-cast-iron-lid-uncoated/?category_id=70270,https://compassgrill.co.il/cast-iron-tools-plov-cooking/cast-iron-zhigong-cooking-kazan/12l-asian-kazan-cast-iron-lid-uncoated/
https://compassgrill.co.il/knives-and-accessories/giesser-knives/primeline-slicer-knife-20-25cm/?category_id=104927,https://compassgrill.co.il/knives-and-accessories/giesser-knives/primeline-slicer-knife-20-25cm/
https://compassgrill.co.il/smoker-tandoor/grill-smokers-tandoor/kamado-xl-k24-red/?category_id=97703,https://compassgrill.co.il/smoker-tandoor/grill-smokers-tandoor/kamado-xl-k24-red/
https://compassgrill.co.il/gas-grills-1/o-f-b-premium/?category_id=35202,https://compassgrill.co.il/gas-grills-1/o-f-b-premium/
https://compassgrill.co.il/grill-smoker-accessories/compass-skewers/luxury-stainless-steel-skewers-with-bronze-handle-and-premium-leather-case-1/?category_id=38152,https://compassgrill.co.il/grill-smoker-accessories/compass-skewers/luxury-stainless-steel-skewers-with-bronze-handle-and-premium-leather-case/
https://compassgrill.co.il/knives-and-accessories/giesser-knives/premiumcut-steel-sharpening-stone-25cm-fine/?category_id=104927,https://compassgrill.co.il/knives-and-accessories/giesser-knives/premiumcut-steel-sharpening-stone-25cm-fine/
https://compassgrill.co.il/grill-smoker-accessories/69865/?category_id=37972,https://compassgrill.co.il/grill-smoker-accessories/69865/
https://compassgrill.co.il/בשרים-קפואים/angus-burger-220g-4-pcs-tray-chef-recipe-1/?category_id=125607,https://compassgrill.co.il/בשרים-קפואים/angus-burger-220g-4-pcs-tray-chef-recipe/
https://compassgrill.co.il/cast-iron-tools-plov-cooking/cast-iron-cooking-tools/reckless-1-kazan-pot-grill/?category_id=35280,https://compassgrill.co.il/cast-iron-tools-plov-cooking/cast-iron-cooking-tools/reckless-1-kazan-pot-grill/
https://compassgrill.co.il/cast-iron-tools-plov-cooking/cast-iron-zhigong-cooking-kazan/reckless-1-kazan-pot-grill/?category_id=70270,https://compassgrill.co.il/cast-iron-tools-plov-cooking/cast-iron-zhigong-cooking-kazan/reckless-1-kazan-pot-grill/
https://compassgrill.co.il/meat-aging-treatment/calogen-kosher/?category_id=121072,https://compassgrill.co.il/meat-aging-treatment/calogen-kosher/
https://compassgrill.co.il/knives-and-accessories/giesser-knives/premiumcut-yobocho-knife-20cm/?category_id=104927,https://compassgrill.co.il/knives-and-accessories/giesser-knives/premiumcut-yobocho-knife-20cm/
