url,duplicate_of
https://compassgrill.co.il/brisket-1/?from_admin,manual_review
https://compassgrill.co.il/eitan-meat-eilat/בשרים-קפואים/angus-fl-boneless-assaado-snacks-500g-1/?category_id=125607&sort=rating&order=ASC,manual_review
https://compassgrill.co.il/eitan-meat-eilat/בשרים-קפואים/אילת-סטייק-סינטה-בלאק-אנגוס-פידלוט-copy-0/?sort=rating&order=DESC,manual_review
https://compassgrill.co.il/eitan-meat-eilat/בשרים-קפואים/אילת-סטייק-סינטה-בלאק-אנגוס-פידלוט-copy-0/?category_id=125607&sort=rating&order=DESC,manual_review
https://compassgrill.co.il/butcher-kfar-saba/frozen-ground-meat/angus-chorizo-1-1/?sort=p.model&order=DESC,manual_review
https://compassgrill.co.il/butcher-kfar-saba/frozen-ground-meat/angus-chorizo-1-1/?sort=rating&order=DESC,manual_review
https://compassgrill.co.il/butcher-kfar-saba/frozen-ground-meat/angus-chorizo-1-1/?sort=rating&order=ASC,manual_review
https://compassgrill.co.il/eitan-meat-eilat/angus-merguez-60g-13-15-pcs-tray-1/?sort=price&order=ASC,manual_review
https://compassgrill.co.il/smoker-tandoor/cast-iron-round-griddle-1/?sort=p.model&order=DESC,manual_review
https://compassgrill.co.il/טחונים-קפואים/angus-burger-220g-4-pcs-tray-chef-recipe-1/?category_id=125609,manual_review
https://compassgrill.co.il/טחונים-קפואים/angus-burger-220g-4-pcs-tray-chef-recipe-1/,manual_review
https://compassgrill.co.il/eitan-meat-eilat/בשרים-קפואים/black-angus-feedlot-shoulder-roast-slice-5-1/?sort=p.model&order=DESC,manual_review
https://compassgrill.co.il/eitan-meat-eilat/thin-sliced-chicken-breast-1kg-1/?sort=price&order=ASC,manual_review
https://compassgrill.co.il/gas-grills-1/sportsman-3-1/?category_id=35202&sort=pd.name&order=DESC,manual_review
https://compassgrill.co.il/gas-grills-1/sportsman-3-1/?sort=pd.name&order=DESC,manual_review
https://compassgrill.co.il/butcher-kfar-saba/frozen-ground-meat/angus-chorizo-1-1/?category_id=66897&sort=p.model&order=DESC,manual_review
https://compassgrill.co.il/butcher-kfar-saba/frozen-ground-meat/angus-chorizo-1-1/?category_id=66897&sort=price&order=ASC,manual_review
https://compassgrill.co.il/taboon-products-and-accessories/alfa-moderno-1/?sort=p.sort_order&order=ASC,manual_review
https://compassgrill.co.il/gas-grills-1/3-burner-gas-grill/caesar-rubicon-3/?category_id=108375&sort=price&order=DESC,manual_review
https://compassgrill.co.il/gas-grills-1/freestyle-425-gas-grill-with-infrared-side-burner-1/?sort=pd.name&order=DESC,manual_review
https://compassgrill.co.il/gas-grills-1/3-burner-gas-grill/caesar-rubicon-3/?sort=price&order=DESC,manual_review
https://compassgrill.co.il/gas-grills-1/sportsman-3-1/?sort=rating&order=DESC,manual_review
https://compassgrill.co.il/gas-grills-1/3-burner-gas-grill/caesar-rubicon-3/?category_id=108375&sort=rating&order=ASC,manual_review
https://compassgrill.co.il/gas-grills-1/3-burner-gas-grill/caesar-rubicon-3/?sort=rating&order=ASC,manual_review
https://compassgrill.co.il/eitan-meat-eilat/עופות-קפוא/frozen-chicken-shawarma-1kg-1/?category_id=125608&sort=p.model&order=DESC,manual_review
https://compassgrill.co.il/gas-grills-1/freestyle-425-gas-grill-with-infrared-side-burner-1/?category_id=35202&sort=pd.name&order=DESC,manual_review
https://compassgrill.co.il/eitan-meat-eilat/עופות-קפוא/frozen-chicken-shawarma-1kg-1/?sort=p.model&order=DESC,manual_review
https://compassgrill.co.il/eitan-meat-eilat/עופות-קפוא/כבד-אווז-קפוא-ארוז-פרימיום-copy-0-1/?category_id=125608&sort=p.model&order=DESC,manual_review
https://compassgrill.co.il/butcher-kfar-saba/poultry-3/לבבות-עוף-ארוז-קפוא-copy-1/?category_id=105748&sort=pd.name&order=DESC,manual_review
https://compassgrill.co.il/butcher-kfar-saba/poultry-3/לבבות-עוף-ארוז-קפוא-copy-1/?sort=pd.name&order=DESC,manual_review
https://compassgrill.co.il/eitan-meat-eilat/בשרים-קפואים/sliced-calf-leg-6-8-pcs-vacuum-packed-1/?category_id=125607&sort=p.sort_order&order=ASC,manual_review
https://compassgrill.co.il/eitan-meat-eilat/בשרים-קפואים/sliced-calf-leg-6-8-pcs-vacuum-packed-1/?sort=p.sort_order&order=ASC,manual_review
https://compassgrill.co.il/butcher-kfar-saba/poultry-3/לבבות-עוף-ארוז-קפוא-copy-1/?category_id=105748&sort=price&order=DESC,manual_review
https://compassgrill.co.il/butcher-kfar-saba/poultry-3/כרעיים-עוף-ארוז-copy-2/?category_id=105748&sort=price&order=DESC,manual_review
https://compassgrill.co.il/butcher-kfar-saba/poultry-3/לבבות-עוף-ארוז-קפוא-copy-1/?sort=price&order=DESC,manual_review
https://compassgrill.co.il/butcher-kfar-saba/poultry-3/כרעיים-עוף-ארוז-copy-2/?sort=price&order=DESC,manual_review
https://compassgrill.co.il/taboon-products-and-accessories/alfa-moderno-1/?sort=pd.name&order=ASC,manual_review
https://compassgrill.co.il/taboon-products-and-accessories/alfa-moderno-1/?category_id=35145,manual_review
https://compassgrill.co.il/eitan-meat-eilat/עופות-קפוא/כבד-אווז-קפוא-ארוז-פרימיום-copy-0-1/?sort=rating&order=DESC,manual_review
https://compassgrill.co.il/taboon-products-and-accessories/alfa-moderno-1/,manual_review
https://compassgrill.co.il/eitan-meat-eilat/עופות-קפוא/כבד-אווז-קפוא-ארוז-פרימיום-copy-0-1/?category_id=125608&sort=rating&order=DESC,manual_review
https://compassgrill.co.il/taboon-products-and-accessories/alfa-moderno-1/?category_id=35145&sort=p.sort_order&order=ASC,manual_review
https://compassgrill.co.il/עופות-טרי/כרעיים-עוף-ארוז-copy-1/?category_id=128479&sort=pd.name&order=ASC,manual_review
https://compassgrill.co.il/butcher-kfar-saba/poultry-3/כרעיים-עוף-ארוז-copy-2/?category_id=105748&sort=pd.name&order=DESC,manual_review
https://compassgrill.co.il/butcher-kfar-saba/poultry-3/כרעיים-עוף-ארוז-copy-2/?sort=pd.name&order=DESC,manual_review
https://compassgrill.co.il/eitan-meat-eilat/עופות-קפוא/frozen-chicken-shawarma-1kg-1/?category_id=125608&sort=pd.name&order=DESC,manual_review
https://compassgrill.co.il/butcher-kfar-saba/poultry-3/לבבות-עוף-ארוז-קפוא-copy-1/?category_id=105748&sort=p.model&order=DESC,manual_review
https://compassgrill.co.il/butcher-kfar-saba/poultry-3/כרעיים-עוף-ארוז-copy-2/?category_id=105748&sort=p.model&order=DESC,manual_review
https://compassgrill.co.il/butcher-kfar-saba/poultry-3/כרעיים-עוף-ארוז-copy-2/?sort=p.model&order=DESC,manual_review
https://compassgrill.co.il/butcher-kfar-saba/poultry-3/לבבות-עוף-ארוז-קפוא-copy-1/?sort=p.model&order=DESC,manual_review
https://compassgrill.co.il/בשרים-קפואים/angus-carpaccio-sliced-10-servings-700g-pack-1/?category_id=125607&sort=p.sort_order&order=ASC,manual_review
https://compassgrill.co.il/eitan-meat-eilat/בשרים-קפואים/stuffed-spleen-4-pcs-vacuum-packed-1/?category_id=125607&sort=rating&order=DESC,manual_review
https://compassgrill.co.il/eitan-meat-eilat/עופות-קפוא/frozen-chicken-shawarma-1kg-1/?category_id=125608&sort=rating&order=DESC,manual_review
https://compassgrill.co.il/eitan-meat-eilat/עופות-קפוא/frozen-chicken-shawarma-1kg-1/?sort=rating&order=DESC,manual_review
https://compassgrill.co.il/eitan-meat-eilat/עופות-קפוא/chicken-liver-1/?category_id=125608&sort=pd.name&order=DESC,manual_review
https://compassgrill.co.il/eitan-meat-eilat/עופות-קפוא/frozen-chicken-shawarma-1kg-1/?sort=pd.name&order=DESC,manual_review
https://compassgrill.co.il/eitan-meat-eilat/עופות-קפוא/chicken-liver-1/?sort=pd.name&order=DESC,manual_review
https://compassgrill.co.il/poultry-3/לבבות-עוף-ארוז-קפוא-copy-1/,manual_review
https://compassgrill.co.il/butcher-kfar-saba/poultry-3/כרעיים-עוף-ארוז-copy-2/?category_id=105748&sort=rating&order=ASC,manual_review
https://compassgrill.co.il/butcher-kfar-saba/poultry-3/כרעיים-עוף-ארוז-copy-2/?sort=rating&order=ASC,manual_review
https://compassgrill.co.il/eitan-meat-eilat/בשרים-קפואים/premium-sliced-lamb-ribs-6-pieces-tray-1/?sort=p.model&order=ASC,manual_review
https://compassgrill.co.il/eitan-meat-eilat/בשרים-קפואים/sorted-brain-bones-sliced-6-8-pcs-1/?category_id=125607&sort=p.sort_order&order=ASC,manual_review
https://compassgrill.co.il/eitan-meat-eilat/בשרים-קפואים/sorted-brain-bones-sliced-6-8-pcs-1/?sort=p.sort_order&order=ASC,manual_review
https://compassgrill.co.il/butcher-kfar-saba/poultry-3/לבבות-עוף-ארוז-קפוא-copy-1/?category_id=105748&sort=p.model&order=ASC,manual_review
https://compassgrill.co.il/butcher-kfar-saba/poultry-3/כרעיים-עוף-ארוז-copy-2/?category_id=105748&sort=p.model&order=ASC,manual_review
https://compassgrill.co.il/butcher-kfar-saba/poultry-3/כרעיים-עוף-ארוז-copy-2/?sort=p.model&order=ASC,manual_review
https://compassgrill.co.il/butcher-kfar-saba/poultry-3/לבבות-עוף-ארוז-קפוא-copy-1/?sort=p.model&order=ASC,manual_review
https://compassgrill.co.il/gas-grills-1/גריל-גז-freestyle-425-עם-כירת-צד-אינפרא-אדום-copy-0/?sort=pd.name&order=DESC,manual_review
https://compassgrill.co.il/butcher-kfar-saba/poultry-3/לבבות-עוף-ארוז-קפוא-copy-1/?category_id=105748&sort=rating&order=ASC,manual_review
https://compassgrill.co.il/eitan-meat-eilat/בשרים-קפואים/molard-1/?category_id=125607&sort=rating&order=DESC,manual_review
https://compassgrill.co.il/eitan-meat-eilat/בשרים-קפואים/molard-1/?sort=rating&order=DESC,manual_review
https://compassgrill.co.il/בשרים-קפואים/zigzag-sweet-potato-fries-1/?sort=pd.name&order=ASC,manual_review
https://compassgrill.co.il/eitan-meat-eilat/בשרים-קפואים/חזה-אווז-ארוז-בוואקום-1/?sort=p.model&order=DESC,manual_review
https://compassgrill.co.il/eitan-meat-eilat/premium-packed-frozen-foie-gras-1/?sort=rating&order=ASC,manual_review
https://compassgrill.co.il/compass-skewers/שיפודי-נירוסטה-יוקרתיים-עם-ידית-ברונזה-מארז-עור-פרימיום-1/?category_id=38152&sort=p.model&order=DESC,manual_review
https://compassgrill.co.il/frozen-meat/ -copy-0/?sort=p.model&order=ASC,manual_review
https://compassgrill.co.il/grill-smoker-accessories/cast-iron-tools-plov-cooking/cast-iron-zhigong-cooking-kazan/ -10- -1/?sort=pd.name&order=ASC,manual_review
https://compassgrill.co.il/smoker-tandoor/שיפודי-נירוסטה-יוקרתיים-עם-ידית-ברונזה-מארז-עור-פרימיום-1/?sort=rating&order=DESC,manual_review
https://compassgrill.co.il/compass-skewers/שיפודי-נירוסטה-יוקרתיים-עם-ידית-ברונזה-מארז-עור-פרימיום-1/?sort=p.model&order=DESC,manual_review
https://compassgrill.co.il/grill-smoker-accessories/compass-skewers/שיפודי-נירוסטה-יוקרתיים-עם-ידית-ברונזה-מארז-עור-פרימיום-1/,manual_review
https://compassgrill.co.il/zigzag-sweet-potato-fries-1/,manual_review
https://compassgrill.co.il/חזה-אווז-ארוז-בוואקום-1/,manual_review
https://compassgrill.co.il/בשרים-קפואים/zigzag-sweet-potato-fries-1/?category_id=125607&sort=p.model&order=DESC,manual_review
https://compassgrill.co.il/בשר-טרי/premium-certified-entrecote-pairs-vacuum-packed-500g-1/?sort=p.model&order=ASC,manual_review
https://compassgrill.co.il/chicken-steak-in-soy-honey-sauce-1kg-1/,manual_review
https://compassgrill.co.il/בשר-טרי/angus-assado-boneless-feedlot-2-5kg-1/?sort=price&order=ASC,manual_review
https://compassgrill.co.il/בשר-טרי/angus-assado-boneless-feedlot-2-5kg-1/?sort=p.model&order=ASC,manual_review
https://compassgrill.co.il/eitan-meat-eilat/בשרים-קפואים/chicken-steak-in-soy-honey-sauce-1kg-1/?sort=pd.name&order=DESC,manual_review
https://compassgrill.co.il/gas-grills/גריל-גז-4-מבערים/גריל-גז-freestyle-425-עם-כירת-צד-אינפרא-אדום-1/,manual_review
https://compassgrill.co.il/גריל-גז-freestyle-425-עם-כירת-צד-אינפרא-אדום-1/,manual_review
https://compassgrill.co.il/gas-grills/גריל-גז-freestyle-425-עם-כירת-צד-אינפרא-אדום-1/?sort=pd.name&order=DESC,manual_review
https://compassgrill.co.il/גריל-גז-4-מבערים/גריל-גז-freestyle-425-עם-כירת-צד-אינפרא-אדום-1/,manual_review
https://compassgrill.co.il/grill-smoker-accessories/כלים-מברזל-ייצוק/כלים-מברזל-ייצוק-1/,manual_review
https://compassgrill.co.il/gas-grills/גריל-גז-freestyle-425-עם-כירת-צד-אינפרא-אדום-1/?category_id=35202&sort=pd.name&order=DESC,manual_review
https://compassgrill.co.il/בשרים-קפואים/zigzag-sweet-potato-fries-1/?sort=rating&order=ASC,manual_review
https://compassgrill.co.il/בשר-טרי/premium-certified-entrecote-pairs-vacuum-packed-500g-1/?category_id=125606&sort=p.model&order=ASC,manual_review
https://compassgrill.co.il/בשר-טרי/premium-certified-entrecote-pairs-vacuum-packed-500g-1/?category_id=125606&sort=price&order=ASC,manual_review
https://compassgrill.co.il/בשר-טרי/angus-assado-boneless-feedlot-2-5kg-1/?category_id=125606&sort=p.model&order=ASC,manual_review
https://compassgrill.co.il/מנגל-פחמים-ומנגל-לשיפודים/מנגל-פחמים-מנירוסטה-ל-6-שיפודים-נפתח-עם-תיק-1/?sort=p.model&order=DESC,manual_review
https://compassgrill.co.il/בשר-טרי/angus-assado-boneless-feedlot-2-5kg-1/?category_id=125606&sort=rating&order=DESC,manual_review
https://compassgrill.co.il/בשר-טרי/angus-assado-boneless-feedlot-2-5kg-1/?category_id=125606&sort=p.model&order=DESC,manual_review
https://compassgrill.co.il/בשר-טרי/angus-assado-boneless-feedlot-2-5kg-1/?category_id=125606&sort=rating&order=ASC,manual_review
https://compassgrill.co.il/בשר-טרי/angus-assado-boneless-feedlot-2-5kg-1/?category_id=125606&sort=price&order=DESC,manual_review
https://compassgrill.co.il/בשר-טרי/angus-assado-boneless-feedlot-2-5kg-1/?category_id=125606&sort=price&order=ASC,manual_review
https://compassgrill.co.il/בשר-טרי/angus-assado-boneless-feedlot-2-5kg-1/?sort=p.model&order=DESC,manual_review
https://compassgrill.co.il/eitan-meat-eilat/בשרים-קפואים/חזה-אווז-ארוז-בוואקום-1/?category_id=125607&sort=pd.name&order=DESC,manual_review
https://compassgrill.co.il/בשר-טרי/angus-assado-boneless-feedlot-2-5kg-1/?sort=rating&order=DESC,manual_review
https://compassgrill.co.il/בשר-טרי/angus-assado-boneless-feedlot-2-5kg-1/?sort=price&order=DESC,manual_review
https://compassgrill.co.il/eitan-meat-eilat/עופות-קפוא/chicken-steak-in-soy-honey-sauce-1kg-1/?category_id=125608,manual_review
https://compassgrill.co.il/eitan-meat-eilat/בשרים-קפואים/chicken-steak-in-soy-honey-sauce-1kg-1/,manual_review
https://compassgrill.co.il/crunch-coated-boat-fries-1/,manual_review
https://compassgrill.co.il/outdoor-kitchen/מטבח-חוץ-קלאסיק-1/,manual_review
https://compassgrill.co.il/eitan-meat-eilat/בשר-טרי/feedlot-angus-sirloin-steak-1/?category_id=125606&sort=price&order=DESC,manual_review
https://compassgrill.co.il/מטבחי-גן-וציוד-נלווה-1/מטבחי-גן-וציוד-נלווה/מטבח-חוץ-קלאסיק-1/,manual_review
https://compassgrill.co.il/eitan-meat-eilat/בשר-טרי/feedlot-angus-sirloin-steak-1/?category_id=125606&sort=pd.name&order=DESC,manual_review
https://compassgrill.co.il/chicken-steak-teriyaki-1kg-1/,manual_review
https://compassgrill.co.il/brand/compass/שיפודי-נירוסטה-יוקרתיים-עם-ידית-ברונזה-מארז-עור-פרימיום-1,manual_review
https://compassgrill.co.il/eitan-meat-eilat/בשרים-קפואים/crunch-coated-boat-fries-1/?sort=price&order=ASC,manual_review
https://compassgrill.co.il/eitan-meat-eilat/בשר-טרי/premium-certified-entrecote-pairs-vacuum-packed-500g-1/?sort=p.sort_order&order=ASC,manual_review
https://compassgrill.co.il/בשר-טרי/premium-certified-entrecote-pairs-vacuum-packed-500g-1/?category_id=125606,manual_review
https://compassgrill.co.il/eitan-meat-eilat/בשר-טרי/premium-certified-entrecote-pairs-vacuum-packed-500g-1/?sort=p.model&order=DESC,manual_review
https://compassgrill.co.il/eitan-meat-eilat/בשר-טרי/angus-muscle-8-feedlot-1kg-1/?sort=rating&order=DESC,manual_review
https://compassgrill.co.il/fresh-angus-sirloin-halved-2kg-1/,manual_review
https://compassgrill.co.il/outdoor-kitchen-1-1/מטבחי-גן-וציוד-נלווה/מטבח-חוץ-קלאסיק-1/,manual_review
https://compassgrill.co.il/outdoor-kitchen-1-1/מטבח-חוץ-קלאסיק-1/?sort=pd.name&order=ASC,manual_review
https://compassgrill.co.il/מנגל-פחמים-ומנגל-לשיפודים/מנגל-קדירה-לקאזן-reckless-1/?sort=pd.name&order=ASC,manual_review
https://compassgrill.co.il/מנגל-פחמים-ומנגל-לשיפודים/מנגל-פחמים-עם-רגליים-ל-6-שיפודים-נפתח-עם-תיק-1/?sort=p.model&order=DESC,manual_review
https://compassgrill.co.il/outdoor-kitchen/מטבחי-גן-וציוד-נלווה/מטבח-חוץ-קלאסיק-1/?category_id=80794&sort=p.sort_order&order=ASC,manual_review
https://compassgrill.co.il/outdoor-kitchen-1-1/מטבח-חוץ-קלאסיק-1/?category_id=97698,manual_review
https://compassgrill.co.il/kosher-calf-sweetbreads-argentina-1kg-1/,manual_review
https://compassgrill.co.il/premium-packed-frozen-foie-gras-1/,manual_review
https://compassgrill.co.il/outdoor-kitchen-1-1/?sort=pd.name&order=ASC,manual_review
https://compassgrill.co.il/ריהוט-גן-ומוצרים-נלווים/מטבחי-גן-וציוד-נלווה/מעשנת-ארון-פלט-vertical-3/,manual_review
https://compassgrill.co.il/מטבחי-גן-וציוד-נלווה/מעשנת-ארון-פלט-vertical-3/,manual_review
https://compassgrill.co.il/eitan-meat-eilat/בשר-טרי/feedlot-angus-sirloin-steak-1/?sort=pd.name&order=DESC,manual_review
https://compassgrill.co.il/gas-grills/גריל-גז-freestyle-425-עם-כירת-צד-אינפרא-אדום-1/?sort=rating&order=DESC,manual_review
https://compassgrill.co.il/brand/napoleon/גריל-גז-freestyle-425-עם-כירת-צד-אינפרא-אדום-1,manual_review
https://compassgrill.co.il/brand/napoleon/גריל-גז-freestyle-425-עם-כירת-צד-אינפרא-אדום-1/,manual_review
https://compassgrill.co.il/gas-grills/גריל-גז-freestyle-425-עם-כירת-צד-אינפרא-אדום-1/?sort=price&order=ASC,manual_review
https://compassgrill.co.il/eitan-meat-eilat/בשר-טרי/feedlot-angus-sirloin-steak-1/?sort=pd.name&order=ASC,manual_review
https://compassgrill.co.il/eitan-meat-eilat/בשר-טרי/feedlot-angus-sirloin-steak-1/?sort=price&order=DESC,manual_review
https://compassgrill.co.il/eitan-meat-eilat/בשר-טרי/feedlot-angus-sirloin-steak-1/?sort=p.model&order=ASC,manual_review
https://compassgrill.co.il/eitan-meat-2/meat-vending-machine-24-7/אנטריקוט-פידלוט-בלאק-אנגוס-copy-1/?sort=rating&order=DESC,manual_review
https://compassgrill.co.il/smoker-tandoor/מעשנת-ארון-פלט-vertical-3/?category_id=34515&sort=rating&order=DESC,manual_review
https://compassgrill.co.il/eitan-meat-eilat/fresh-meat-eilat/fresh-angus-sirloin-halved-2kg-1/?category_id=125606&sort=p.model&order=ASC,manual_review
https://compassgrill.co.il/בשר-טרי/denver-steak-fl-sliced-vacuum-packed-300g-1/?category_id=125606,manual_review
https://compassgrill.co.il/ריהוט-גן-ומוצרים-נלווים/מעשנת-ארון-פלט-vertical-3/?category_id=80649,manual_review
https://compassgrill.co.il/בשרים-קפואים/premium-packed-frozen-foie-gras-1/,manual_review
https://compassgrill.co.il/פויקה-מספר-2/?search&sort=p.price&order=ASC,manual_review
https://compassgrill.co.il/smoker-tandoor/מעשנת-ארון-פלט-vertical-3/?sort=p.model&order=ASC,manual_review
https://compassgrill.co.il/smoker-tandoor/מעשנת-ארון-פלט-vertical-3/?sort=rating&order=DESC,manual_review
https://compassgrill.co.il/smoker-tandoor/מעשנות-פלט/מעשנת-ארון-פלט-vertical-3/,manual_review
https://compassgrill.co.il/eitan-meat-eilat/בשר-טרי/sliced-feedlot-sirloin-1/?sort=p.sort_order&order=ASC,manual_review
https://compassgrill.co.il/eitan-meat-eilat/בשר-טרי/sliced-feedlot-sirloin-1/,manual_review
https://compassgrill.co.il/eitan-meat-eilat/בשר-טרי/sliced-feedlot-sirloin-1/?sort=p.model&order=DESC,manual_review
https://compassgrill.co.il/eitan-meat-eilat/kosher-calf-sweetbreads-argentina-1kg-1/?sort=price&order=DESC,manual_review
https://compassgrill.co.il/smoker-tandoor/מעשנת-ארון-פלט-vertical-3/?category_id=34515,manual_review
https://compassgrill.co.il/grill-smoker-accessories/פלנצ-ה-צליה-עגולה-דו-צ-יציקת-ברזל-1/?category_id=37972&sort=pd.name&order=DESC,manual_review
https://compassgrill.co.il/מעשנת-ארון-פלט-vertical-3/,manual_review
https://compassgrill.co.il/smoker-tandoor/מעשנת-ארון-פלט-vertical-3/,manual_review
https://compassgrill.co.il/grill-smoker-accessories/cast-iron-tools-plov-cooking/dual-cast-iron-round-griddle-1/?category_id=35279&sort=p.model&order=ASC,manual_review
https://compassgrill.co.il/grill-smoker-accessories/כלים-מברזל-ייצוק/פלנצ-ה-צליה-עגולה-דו-צ-יציקת-ברזל-1/?sort=p.sort_order&order=ASC,manual_review
https://compassgrill.co.il/grill-smoker-accessories/כלים-מברזל-ייצוק/פלנצ-ה-צליה-עגולה-דו-צ-יציקת-ברזל-1/?sort=rating&order=ASC,manual_review
https://compassgrill.co.il/grill-smoker-accessories/כלים-מברזל-ייצוק/פלנצ-ה-צליה-עגולה-דו-צ-יציקת-ברזל-1/?sort=price&order=DESC,manual_review
https://compassgrill.co.il/cast-iron-cooking-tools/dual-cast-iron-round-griddle-1/?category_id=35280&sort=pd.name&order=ASC,manual_review
https://compassgrill.co.il/grill-smoker-accessories/כלים-מברזל-ייצוק/כלים-מברזל-ייצוק-1/פלנצ-ה-צליה-עגולה-דו-צ-יציקת-ברזל-1/?category_id=35280,manual_review
https://compassgrill.co.il/grill-smoker-accessories/cast-iron-tools-plov-cooking/dual-cast-iron-round-griddle-1/?sort=p.model&order=ASC,manual_review
https://compassgrill.co.il/eitan-meat-eilat/kosher-calf-sweetbreads-argentina-1kg-1/?sort=pd.name&order=DESC,manual_review
https://compassgrill.co.il/eitan-meat-eilat/kosher-calf-sweetbreads-argentina-1kg-1/?sort=rating&order=DESC,manual_review
https://compassgrill.co.il/מטבחי-גן-וציוד-נלווה-1/מטבחי-גן-וציוד-נלווה/מטבח-חוץ-קלאסיק-1/?category_id=80794,manual_review
https://compassgrill.co.il/compass-skewers/leather-case-stainless-steel-skewers-2/?sort=p.model&order=DESC,manual_review
https://compassgrill.co.il/grill-smoker-accessories/cast-iron-tools-plov-cooking/dual-cast-iron-round-griddle-1/?sort=price&order=ASC,manual_review
https://compassgrill.co.il/grill-smoker-accessories/כלים-מברזל-ייצוק/פלנצ-ה-צליה-עגולה-דו-צ-יציקת-ברזל-1/?category_id=35279,manual_review
https://compassgrill.co.il/מערכת-ישיבה-הוואי-לבן-1/?sort=pd.name&order=DESC&limit=15,manual_review
https://compassgrill.co.il/כלים-מברזל-ייצוק-1/קאזן-אסייתי-10-ליטר-עם-מכסה-מברזל-יצוק-ללא-ציפוי-1/,manual_review
https://compassgrill.co.il/grill-smoker-accessories/כלים-מברזל-ייצוק/כלים-מברזל-ייצוק-1/פלנצ-ה-צליה-עגולה-דו-צ-יציקת-ברזל-1/,manual_review
https://compassgrill.co.il/grill-smoker-accessories/כלים-מברזל-ייצוק/פלנצ-ה-צליה-עגולה-דו-צ-יציקת-ברזל-1/,manual_review
https://compassgrill.co.il/cast-iron-cooking-tools/dual-cast-iron-round-griddle-1/?sort=pd.name&order=ASC,manual_review
https://compassgrill.co.il/cast-iron-cooking-tools/dual-cast-iron-round-griddle-1/?sort=price&order=ASC,manual_review
https://compassgrill.co.il/eitan-meat-eilat/בשר-טרי/feedlot-angus-sirloin-steak-1/?sort=price&order=ASC,manual_review
https://compassgrill.co.il/eitan-meat-2/meat-vending-machine-24-7/אנטריקוט-פידלוט-בלאק-אנגוס-copy-1/?category_id=125471&sort=p.model&order=ASC,manual_review
https://compassgrill.co.il/כלים-מברזל-ייצוק-1/cast-iron-round-griddle-1/?category_id=35280,manual_review
https://compassgrill.co.il/בשר-טרי/אנטריקוט-פידלוט-בלאק-אנגוס-חצוי-טרי-1/,manual_review
https://compassgrill.co.il/outdoor-kitchen-1-1/,manual_review
https://compassgrill.co.il/brand/boretti-1/,manual_review
https://compassgrill.co.il/eitan-meat-2/meat-vending-machine-24-7/אנטריקוט-פידלוט-בלאק-אנגוס-copy-1/?category_id=125471&sort=rating&order=ASC,manual_review
https://compassgrill.co.il/eitan-meat-2/meat-vending-machine-24-7/אנטריקוט-פידלוט-בלאק-אנגוס-copy-1/?category_id=125471&sort=price&order=ASC,manual_review
https://compassgrill.co.il/eitan-meat-eilat/בשר-טרי/fresh-angus-sirloin-halved-2kg-1/?sort=price&order=ASC,manual_review
https://compassgrill.co.il/מנגל-פחמים-ומנגל-לשיפודים/מנגל-פחמים-מנירוסטה-ל-6-שיפודים-נפתח-עם-תיק-1/?sort=p.price&order=DESC,manual_review
https://compassgrill.co.il/בשר-טרי/fattened-angus-entrecote-sliced-pairs-1/?category_id=125606,manual_review
https://compassgrill.co.il/סט-ישיבה-מתכתי-מק-ט-jerry-g-copy-0/,manual_review
https://compassgrill.co.il/smoker-tandoor/dual-cast-iron-round-griddle-1/?sort=price&order=ASC,manual_review
https://compassgrill.co.il/eitan-meat-eilat/בשר-טרי/fresh-angus-sirloin-halved-2kg-1/?sort=price&order=DESC,manual_review
https://compassgrill.co.il/grill-smoker-accessories/cast-iron-tools-plov-cooking/dual-cast-iron-round-griddle-1/?category_id=35279,manual_review
https://compassgrill.co.il/grill-smoker-accessories/compass-skewers/leather-case-stainless-steel-skewers-2/?sort=rating&order=DESC,manual_review
https://compassgrill.co.il/grill-smoker-accessories/compass-skewers/leather-case-stainless-steel-skewers-2/?sort=pd.name&order=ASC,manual_review
https://compassgrill.co.il/grill-smoker-accessories/leather-case-stainless-steel-skewers-2/?sort=rating&order=DESC,manual_review
https://compassgrill.co.il/בשר-טרי/אנטריקוט-פידלוט-בלאק-אנגוס-חצוי-טרי-1/?category_id=125606,manual_review
https://compassgrill.co.il/smoker-tandoor/leather-case-stainless-steel-skewers-2/?sort=rating&order=DESC,manual_review
https://compassgrill.co.il/eitan-meat-eilat/בשר-טרי/fattened-angus-entrecote-sliced-pairs-1/?sort=p.sort_order&order=ASC,manual_review
https://compassgrill.co.il/eitan-meat-eilat/בשר-טרי/אנטריקוט-פידלוט-בלאק-אנגוס-חצוי-טרי-1/?category_id=125606,manual_review
https://compassgrill.co.il/eitan-meat-eilat/בשר-טרי/fattened-angus-entrecote-sliced-pairs-1/?category_id=125606,manual_review
https://compassgrill.co.il/dual-cast-iron-round-griddle-1/,manual_review
https://compassgrill.co.il/champion-barrel-smoker-1/,manual_review
https://compassgrill.co.il/outdoor-kitchen-9/classic-outdoor-kitchen-1/,manual_review
https://compassgrill.co.il/מעשנות-וגרילים-טנדור/פלנצ-ה-צליה-עגולה-דו-צ-יציקת-ברזל-1/,manual_review
https://compassgrill.co.il/smoker-tandoor/שיפודי-נירוסטה-יוקרתיים-עם-ידית-ברונזה-מארז-עור-פרימיום-copy-0/?category_id=34515&sort=p.model&order=DESC,manual_review
https://compassgrill.co.il/grill-smoker-accessories/compass-skewers/6-pcs-flat-stainless-steel-skewers-for-meat-poultry-vegetables-700x3x20-1/?category_id=38152&sort=rating&order=ASC,manual_review
https://compassgrill.co.il/smoker-tandoor/6-pcs-flat-stainless-steel-skewers-for-meat-poultry-vegetables-700x3x20-1/?category_id=34515&sort=rating&order=ASC,manual_review
https://compassgrill.co.il/grill-smoker-accessories/compass-skewers/6-pcs-flat-stainless-steel-skewers-for-meat-poultry-vegetables-700x3x20-1/?sort=pd.name&order=DESC,manual_review
https://compassgrill.co.il/grill-smoker-accessories/compass-skewers/שיפודי-נירוסטה-יוקרתיים-עם-ידית-ברונזה-מארז-עור-פרימיום-copy-0/?sort=pd.name&order=ASC,manual_review
https://compassgrill.co.il/grill-smoker-accessories/compass-skewers/6-pcs-flat-stainless-steel-skewers-for-meat-poultry-vegetables-700x3x20-1/?sort=pd.name&order=ASC,manual_review
https://compassgrill.co.il/grill-smoker-accessories/compass-skewers/6-pcs-flat-stainless-steel-skewers-for-meat-poultry-vegetables-700x3x20-1/?sort=rating&order=DESC,manual_review
https://compassgrill.co.il/grill-smoker-accessories/compass-skewers/leather-case-stainless-steel-skewers-2/?category_id=38152,manual_review
https://compassgrill.co.il/כלים-מברזל-ייצוק/פלנצ-ה-צליה-עגולה-דו-צ-יציקת-ברזל-1/,manual_review
https://compassgrill.co.il/grill-smoker-accessories/שיפודי-נירוסטה-יוקרתיים-עם-ידית-ברונזה-מארז-עור-פרימיום-copy-0/?sort=pd.name&order=DESC,manual_review
https://compassgrill.co.il/grill-smoker-accessories/compass-skewers/6-pcs-flat-stainless-steel-skewers-for-meat-poultry-vegetables-700x3x20-1/?sort=rating&order=ASC,manual_review
https://compassgrill.co.il/grill-smoker-accessories/compass-skewers/charcoal-grill-for-6-skewers-foldable-with-bag-1/?category_id=38152&sort=p.model&order=ASC,manual_review
https://compassgrill.co.il/כלים-מברזל-ייצוק/קאזן-אסייתי-10-ליטר-עם-מכסה-מברזל-יצוק-ללא-ציפוי-1/,manual_review
https://compassgrill.co.il/אביזרים-למטבח/פלנצ-ה-צליה-עגולה-דו-צ-יציקת-ברזל-1/,manual_review
https://compassgrill.co.il/smoker-tandoor/שיפודי-נירוסטה-יוקרתיים-עם-ידית-ברונזה-מארז-עור-פרימיום-copy-0/?sort=p.sort_order&order=ASC,manual_review
https://compassgrill.co.il/כלים-מברזל-ייצוק-1/dual-cast-iron-round-griddle-1/,manual_review
https://compassgrill.co.il/פלנצ-ה-צליה-עגולה-דו-צ-יציקת-ברזל-1/,manual_review
https://compassgrill.co.il/leather-case-stainless-steel-skewers-2/,manual_review
https://compassgrill.co.il/outdoor-kitchen-9/modular-outdoor-kitchens/classic-outdoor-kitchen-1/?sort=pd.name&order=DESC,manual_review
https://compassgrill.co.il/grill-smoker-accessories/cast-iron-tools-plov-cooking/dual-cast-iron-round-griddle-1/?sort=pd.name&order=DESC,manual_review
https://compassgrill.co.il/grill-smoker-accessories/compass-skewers/6-pcs-flat-stainless-steel-skewers-for-meat-poultry-vegetables-700x3x20-1/?sort=price&order=DESC,manual_review
https://compassgrill.co.il/smoker-tandoor/שיפודי-נירוסטה-יוקרתיים-עם-ידית-ברונזה-מארז-עור-פרימיום-copy-0/?sort=pd.name&order=DESC,manual_review
https://compassgrill.co.il/compass-skewers/שיפודי-נירוסטה-יוקרתיים-עם-ידית-ברונזה-מארז-עור-פרימיום-copy-0/?sort=pd.name&order=ASC,manual_review
https://compassgrill.co.il/grill-smoker-accessories/compass-skewers/6-pcs-flat-stainless-steel-skewers-for-meat-poultry-vegetables-700x3x20-1/?sort=price&order=ASC,manual_review
https://compassgrill.co.il/grill-smoker-accessories/cast-iron-tools-plov-cooking/dual-cast-iron-round-griddle-1/,manual_review
https://compassgrill.co.il/grill-smoker-accessories/compass-skewers/leather-case-stainless-steel-skewers-2/?category_id=38152&sort=rating&order=ASC,manual_review
https://compassgrill.co.il/grill-smoker-accessories/compass-skewers/leather-case-stainless-steel-skewers-2/?sort=pd.name&order=DESC,manual_review
https://compassgrill.co.il/eitan-meat-2/?sort=p.model&order=ASC,manual_review
https://compassgrill.co.il/grill-smoker-accessories/compass-skewers/שיפודי-נירוסטה-יוקרתיים-עם-ידית-ברונזה-מארז-עור-פרימיום-copy-0/?category_id=38152,manual_review
https://compassgrill.co.il/grill-smoker-accessories/compass-skewers/leather-case-stainless-steel-skewers-2/?sort=p.model&order=DESC,manual_review
https://compassgrill.co.il/grill-smoker-accessories/compass-skewers/leather-case-stainless-steel-skewers-2/?sort=p.model&order=ASC,manual_review
https://compassgrill.co.il/smoker-tandoor/6-pcs-flat-stainless-steel-skewers-for-meat-poultry-vegetables-700x3x20-1/?sort=p.model&order=DESC,manual_review
https://compassgrill.co.il/smoker-tandoor/dual-cast-iron-round-griddle-1/?sort=p.model&order=DESC,manual_review
https://compassgrill.co.il/grill-smoker-accessories/שיפודי-נירוסטה-יוקרתיים-עם-ידית-ברונזה-מארז-עור-פרימיום-copy-0/?category_id=37972,manual_review
https://compassgrill.co.il/smoker-tandoor/dual-cast-iron-round-griddle-1/?sort=pd.name&order=DESC,manual_review
https://compassgrill.co.il/grill-smoker-accessories/כלים-מברזל-ייצוק/פלנצ-ה-צליה-עגולה-דו-צ-יציקת-ברזל-1/?category_id=35279&sort=p.sort_order&order=ASC,manual_review
https://compassgrill.co.il/שיפודי-נירוסטה-יוקרתיים-עם-ידית-ברונזה-מארז-עור-פרימיום-copy-0/,manual_review
https://compassgrill.co.il/smoker-tandoor/6-pcs-flat-stainless-steel-skewers-for-meat-poultry-vegetables-700x3x20-1/?sort=pd.name&order=ASC,manual_review
https://compassgrill.co.il/smoker-tandoor/dual-cast-iron-round-griddle-1/?sort=rating&order=DESC,manual_review
https://compassgrill.co.il/grill-smoker-accessories/compass-skewers/leather-case-stainless-steel-skewers-2/?sort=rating&order=ASC,manual_review
https://compassgrill.co.il/compass-skewers/6-pcs-flat-stainless-steel-skewers-for-meat-poultry-vegetables-700x3x20-1/?sort=price&order=ASC,manual_review
https://compassgrill.co.il/eitan-meat-2/poultry-3/?sort=p.sort_order&order=ASC,manual_review
https://compassgrill.co.il/grill-smoker-accessories/compass-skewers/leather-case-stainless-steel-skewers-2/?sort=price&order=DESC,manual_review
https://compassgrill.co.il/cast-iron-tools-plov-cooking/dual-cast-iron-round-griddle-1/,manual_review
https://compassgrill.co.il/eitan-meat-eilat/בשר-טרי/אנטריקוט-פידלוט-בלאק-אנגוס-חצוי-טרי-1/?sort=p.sort_order&order=ASC,manual_review
https://compassgrill.co.il/cast-iron-cooking-tools/dual-cast-iron-round-griddle-1/,manual_review
https://compassgrill.co.il/outdoor-kitchen-9/modular-outdoor-kitchens/classic-outdoor-kitchen-1/?category_id=80794&sort=p.model&order=ASC,manual_review
https://compassgrill.co.il/eitan-meat-2/?sort=price&order=DESC,manual_review
https://compassgrill.co.il/eitan-meat-eilat/בשר-טרי/fattened-angus-entrecote-sliced-pairs-1/?sort=p.model&order=DESC,manual_review
https://compassgrill.co.il/eitan-meat-2/?sort=p.sort_order&order=ASC,manual_review
https://compassgrill.co.il/smoker-tandoor/שיפודי-נירוסטה-יוקרתיים-עם-ידית-ברונזה-מארז-עור-פרימיום-copy-0/?category_id=34515,manual_review
https://compassgrill.co.il/grill-smoker-accessories/compass-skewers/6-pcs-flat-stainless-steel-skewers-for-meat-poultry-vegetables-700x3x20-1/?category_id=38152,manual_review
https://compassgrill.co.il/grill-smoker-accessories/compass-skewers/שיפודי-נירוסטה-יוקרתיים-עם-ידית-ברונזה-מארז-עור-פרימיום-copy-0/,manual_review
https://compassgrill.co.il/grill-smoker-accessories/cast-iron-tools-plov-cooking/cast-iron-cooking-tools/dual-cast-iron-round-griddle-1/,manual_review
https://compassgrill.co.il/brand/giesser-1/,manual_review
https://compassgrill.co.il/grill-smoker-accessories/compass-skewers/leather-case-stainless-steel-skewers-2/?sort=price&order=ASC,manual_review
https://compassgrill.co.il/שיפודי-נירוסטה-יוקרתיים-עם-ידית-ברונזה-מארז-עור-פרימיום-1/,manual_review
https://compassgrill.co.il/eitan-meat-2/frozen-meat/brisket-1/?sort=price&order=ASC,manual_review
https://compassgrill.co.il/grill-smoker-accessories/compass-skewers/שיפודי-נירוסטה-יוקרתיים-עם-ידית-ברונזה-מארז-עור-פרימיום-1/?sort=rating&order=ASC,manual_review
https://compassgrill.co.il/smoker-tandoor/מעשנות-גרילים-וטנדור-מעשנות-גרילים-וטנדור-מעשנות-גרילים-וטנדור/מנגל-פחמים-ומנגל-לשיפודים-1/,manual_review
https://compassgrill.co.il/outdoor-kitchen-9/classic-outdoor-kitchen-1/?category_id=97698,manual_review
https://compassgrill.co.il/outdoor-kitchen-9/modular-outdoor-kitchens/classic-outdoor-kitchen-1/?sort=price&order=DESC,manual_review
https://compassgrill.co.il/eitan-meat-2/?sort=rating&order=ASC,manual_review
https://compassgrill.co.il/eitan-meat-eilat-1/,manual_review
https://compassgrill.co.il/eitan-meat-2/?sort=price&order=ASC,manual_review
https://compassgrill.co.il/eitan-meat-2/?sort=p.model&order=DESC,manual_review
https://compassgrill.co.il/outdoor-kitchen-9/modular-outdoor-kitchens/classic-outdoor-kitchen-1/?sort=p.model&order=ASC,manual_review
https://compassgrill.co.il/eitan-meat-eilat/בשר-טרי/fattened-angus-entrecote-sliced-pairs-1/?category_id=125606&sort=p.sort_order&order=ASC,manual_review
https://compassgrill.co.il/grill-smoker-accessories/compass-skewers/charcoal-grill-for-6-skewers-foldable-with-bag-1/?category_id=38152&sort=price&order=DESC,manual_review
https://compassgrill.co.il/grill-smoker-accessories/compass-skewers/charcoal-grill-for-6-skewers-foldable-with-bag-1/?sort=p.model&order=DESC,manual_review
https://compassgrill.co.il/grill-smoker-accessories/compass-skewers/charcoal-grill-for-6-skewers-foldable-with-bag-1/?sort=pd.name&order=DESC,manual_review
https://compassgrill.co.il/eitan-meat-2/?sort=pd.name&order=ASC,manual_review
https://compassgrill.co.il/grill-smoker-accessories/compass-skewers/שיפודי-נירוסטה-יוקרתיים-עם-ידית-ברונזה-מארז-עור-פרימיום-1/?sort=p.model&order=DESC,manual_review
https://compassgrill.co.il/eitan-meat-2/?sort=pd.name&order=DESC,manual_review
https://compassgrill.co.il/eitan-meat-2/?sort=rating&order=DESC,manual_review
https://compassgrill.co.il/grill-smoker-accessories/compass-skewers/leather-case-stainless-steel-skewers-2/,manual_review
https://compassgrill.co.il/grill-smoker-accessories/שיפודי-נירוסטה-יוקרתיים-עם-ידית-ברונזה-מארז-עור-פרימיום-1/?category_id=37972,manual_review
https://compassgrill.co.il/eitan-meat-2/poultry-3/?sort=pd.name&order=ASC,manual_review
https://compassgrill.co.il/brand/compass/שיפודי-נירוסטה-יוקרתיים-עם-ידית-ברונזה-מארז-עור-פרימיום-copy-0,manual_review
https://compassgrill.co.il/grill-smoker-accessories/compass-skewers/שיפודי-נירוסטה-יוקרתיים-עם-ידית-ברונזה-מארז-עור-פרימיום-1/?sort=p.model&order=ASC,manual_review
https://compassgrill.co.il/eitan-meat-2/frozen-meat/brisket-1/?sort=rating&order=ASC,manual_review
https://compassgrill.co.il/eitan-meat-eilat/בשר-טרי/fresh-angus-sirloin-halved-2kg-1/?sort=p.model&order=DESC,manual_review
https://compassgrill.co.il/eitan-meat-eilat/בשר-טרי/feedlot-angus-sirloin-steak-1/,manual_review
https://compassgrill.co.il/eitan-meat-eilat/בשר-טרי/feedlot-angus-sirloin-steak-1/?category_id=125606&sort=p.model&order=ASC,manual_review
https://compassgrill.co.il/brand/compass/leather-case-stainless-steel-skewers-2,manual_review
https://compassgrill.co.il/grill-smoker-accessories/compass-skewers/charcoal-grill-for-6-skewers-foldable-with-bag-1/?sort=p.model&order=ASC,manual_review
https://compassgrill.co.il/grill-smoker-accessories/compass-skewers/charcoal-grill-for-6-skewers-foldable-with-bag-1/?sort=pd.name&order=ASC,manual_review
https://compassgrill.co.il/eitan-meat-eilat/בשר-טרי/fresh-angus-sirloin-halved-2kg-1/?category_id=125606&sort=p.model&order=DESC,manual_review
https://compassgrill.co.il/charcoal-grill-for-6-skewers-foldable-with-bag-1/,manual_review
https://compassgrill.co.il/brand/compass/שיפודי-נירוסטה-יוקרתיים-עם-ידית-ברונזה-מארז-עור-פרימיום-copy-0/,manual_review
https://compassgrill.co.il/grill-smoker-accessories/שיפודי-נירוסטה-יוקרתיים-עם-ידית-ברונזה-מארז-עור-פרימיום-copy-0/,manual_review
https://compassgrill.co.il/eitan-meat-2/poultry-3/כבד-אווז-קפוא-ארוז-פרימיום-copy-0/?category_id=105748,manual_review
https://compassgrill.co.il/eitan-meat-2/frozen-meat/כבד-אווז-קפוא-ארוז-פרימיום-copy-0/,manual_review
https://compassgrill.co.il/eitan-meat-2/poultry-3/כבד-אווז-קפוא-ארוז-פרימיום-copy-0/?sort=price&order=ASC,manual_review
https://compassgrill.co.il/smoker-tandoor/שיפודי-נירוסטה-יוקרתיים-עם-ידית-ברונזה-מארז-עור-פרימיום-1/,manual_review
https://compassgrill.co.il/grill-smoker-accessories/compass-skewers/charcoal-grill-for-6-skewers-foldable-with-bag-1/?sort=price&order=DESC,manual_review
https://compassgrill.co.il/brand/compass/leather-case-stainless-steel-skewers-2/,manual_review
https://compassgrill.co.il/6-pcs-flat-stainless-steel-skewers-for-meat-poultry-vegetables-700x3x20-1/,manual_review
https://compassgrill.co.il/eitan-meat-eilat/בשר-טרי/angus-assado-boneless-feedlot-2-5kg-1/?sort=rating&order=DESC,manual_review
https://compassgrill.co.il/grill-smoker-accessories/compass-skewers/6-pcs-flat-stainless-steel-skewers-for-meat-poultry-vegetables-700x3x20-1/,manual_review
https://compassgrill.co.il/grill-smoker-accessories/שיפודי-נירוסטה-יוקרתיים-עם-ידית-ברונזה-מארז-עור-פרימיום-1/,manual_review
https://compassgrill.co.il/eitan-meat-eilat/בשר-טרי/argentina-beef-6-1/?sort=rating&order=DESC,manual_review
https://compassgrill.co.il/grill-smoker-accessories/leather-case-stainless-steel-skewers-2/?sort=price&order=DESC,manual_review
https://compassgrill.co.il/compass-skewers/leather-case-stainless-steel-skewers-2/,manual_review
https://compassgrill.co.il/outdoor-kitchen-9/modular-outdoor-kitchens/classic-outdoor-kitchen-1/?sort=price&order=ASC,manual_review
https://compassgrill.co.il/טאבונים-ומוצרים-לטאבונים/oak-trees-in-bags-for-smokers-tabons-fireplaces-and-heating-1/?sort=price&order=DESC,manual_review
https://compassgrill.co.il/eitan-meat-eilat/בשר-טרי/premium-certified-entrecote-pairs-vacuum-packed-500g-1/,manual_review
https://compassgrill.co.il/eitan-meat-2/poultry-3/כבד-אווז-קפוא-ארוז-פרימיום-copy-0/,manual_review
https://compassgrill.co.il/grill-smoker-accessories/compass-skewers/charcoal-grill-for-6-skewers-foldable-with-bag-1/?sort=rating&order=ASC,manual_review
https://compassgrill.co.il/smoker-tandoor/charcoal-grill-for-6-skewers-foldable-with-bag-1/?sort=rating&order=DESC,manual_review
https://compassgrill.co.il/compass-skewers/שיפודי-נירוסטה-יוקרתיים-עם-ידית-ברונזה-מארז-עור-פרימיום-copy-0/,manual_review
https://compassgrill.co.il/compass-skewers/charcoal-grill-for-6-skewers-foldable-with-bag-1/?category_id=38152,manual_review
https://compassgrill.co.il/smoker-tandoor/שיפודי-נירוסטה-יוקרתיים-עם-ידית-ברונזה-מארז-עור-פרימיום-copy-0/,manual_review
https://compassgrill.co.il/eitan-meat-2/frozen-ground-meat/iraqi-meatballs-1/?sort=pd.name&order=ASC,manual_review
https://compassgrill.co.il/outdoor-kitchen-9/modular-outdoor-kitchens/classic-outdoor-kitchen-1/,manual_review
https://compassgrill.co.il/שיפודי-פרימיום-מותג-compass/מארז-פרימיום-שיפודי-נירוסטה-כולל-סכין-ומזלג-להורדת-בשר-1/,manual_review
https://compassgrill.co.il/eitan-meat-2/frozen-ground-meat/iraqi-meatballs-1/?category_id=66897,manual_review
https://compassgrill.co.il/grill-smoker-accessories/compass-skewers/charcoal-grill-for-6-skewers-foldable-with-bag-1/?sort=rating&order=DESC,manual_review
https://compassgrill.co.il/eitan-meat-eilat/בשר-טרי/fresh-sliced-tomahawk-1kg-1/?category_id=125606&sort=rating&order=DESC,manual_review
https://compassgrill.co.il/oak-wood-for-smoking/oak-trees-in-bags-for-smokers-tabons-fireplaces-and-heating-1/,manual_review
https://compassgrill.co.il/oak-wood-for-smoking/oak-trees-in-bags-for-smokers-tabons-fireplaces-and-heating-1/?sort=price&order=ASC,manual_review
https://compassgrill.co.il/eitan-meat-eilat/בשר-טרי/fresh-angus-sirloin-halved-2kg-1/?sort=rating&order=DESC,manual_review
https://compassgrill.co.il/eitan-meat-eilat/בשר-טרי/veal-filet-medallions-5-pcs-500g-1/,manual_review
https://compassgrill.co.il/grill-smoker-accessories/compass-skewers/charcoal-grill-for-6-skewers-foldable-with-bag-1/?sort=price&order=ASC,manual_review
https://compassgrill.co.il/butcher-kfar-saba/poultry-3/?sort=p.model&order=DESC,manual_review
https://compassgrill.co.il/gas-grills-1/?sort=pd.name&order=ASC,manual_review
https://compassgrill.co.il/compass-skewers/luxury-stainless-steel-skewers-with-bronze-handle-and-premium-leather-case-1/?category_id=38152,manual_review
https://compassgrill.co.il/compass-skewers/luxury-stainless-steel-skewers-with-bronze-handle-and-premium-leather-case-1/,manual_review
https://compassgrill.co.il/gas-grills-1/3-burner-gas-grill/caesar-rubicon-3/?sort=pd.name&order=DESC,manual_review
https://compassgrill.co.il/3-burner-gas-grill/caesar-rubicon-3/?sort=price&order=ASC,manual_review
https://compassgrill.co.il/eitan-meat-eilat/טחונים-קפואים/angus-burger-220g-4-pcs-tray-chef-recipe-1/?sort=price&order=DESC,manual_review
https://compassgrill.co.il/בשרים-קפואים/chicken-steak-in-soy-honey-sauce-1kg-1/?sort=rating&order=ASC,manual_review
https://compassgrill.co.il/eitan-meat-eilat/טחונים-קפואים/premium-ground-beef-1kg-tray-1/?sort=rating&order=ASC,manual_review
https://compassgrill.co.il/gas-grills-1/ultimate-griddle-2/?sort=p.model&order=ASC,manual_review
https://compassgrill.co.il/בשרים-קפואים/חזה-אווז-ארוז-בוואקום-1/?sort=p.model&order=ASC,manual_review
https://compassgrill.co.il/meat-aging-treatment/calogen-1/?sort=pd.name&order=DESC,manual_review
https://compassgrill.co.il/frozen-meat/כבד-אווז-קפוא-ארוז-פרימיום-copy-0/?sort=p.model&order=DESC,manual_review
https://compassgrill.co.il/4-burner-gas-grill/freestyle-425-gas-grill-with-infrared-side-burner-1/,manual_review
https://compassgrill.co.il/brand/napoleon/freestyle-425-gas-grill-with-infrared-side-burner-1/,manual_review
https://compassgrill.co.il/frozen-meat/כבד-אווז-קפוא-ארוז-פרימיום-copy-0/?category_id=66836&sort=p.model&order=DESC,manual_review
https://compassgrill.co.il/poultry-3/כבד-אווז-קפוא-ארוז-פרימיום-copy-0/?category_id=105748&sort=p.sort_order&order=ASC,manual_review
https://compassgrill.co.il/eitan-meat-eilat/חזה-אווז-ארוז-בוואקום-2/?category_id=125603&sort=pd.name&order=DESC,manual_review
https://compassgrill.co.il/eitan-meat-eilat/בשרים-קפואים/חזה-אווז-ארוז-בוואקום-2/?sort=pd.name&order=DESC,manual_review
https://compassgrill.co.il/eitan-meat-eilat/בשרים-קפואים/חזה-אווז-ארוז-בוואקום-2/?category_id=125607&sort=pd.name&order=DESC,manual_review
https://compassgrill.co.il/4-burner-gas-grill/freestyle-425-gas-grill-with-infrared-side-burner-1/?category_id=108564,manual_review
https://compassgrill.co.il/frozen-ground-meat/angus-chorizo-1-1/?category_id=66897&sort=p.model&order=ASC,manual_review
https://compassgrill.co.il/בשרים-קפואים/כבד-אווז-קפוא-ארוז-פרימיום-copy-0-1/?sort=pd.name&order=DESC,manual_review
https://compassgrill.co.il/eitan-meat-eilat/בשרים-קפואים/כבד-אווז-קפוא-ארוז-פרימיום-copy-0-1/?sort=pd.name&order=DESC,manual_review
https://compassgrill.co.il/בשרים-קפואים/כבד-אווז-קפוא-ארוז-פרימיום-copy-0-1/?category_id=125607&sort=pd.name&order=DESC,manual_review
https://compassgrill.co.il/eitan-meat-eilat/בשרים-קפואים/chicken-liver-1/?sort=rating&order=DESC,manual_review
https://compassgrill.co.il/gas-grills-1/3-burner-gas-grill/caesar-rubicon-3/?category_id=108375&sort=p.sort_order&order=ASC,manual_review
https://compassgrill.co.il/gas-grills-1/3-burner-gas-grill/caesar-rubicon-3/?sort=p.sort_order&order=ASC,manual_review
https://compassgrill.co.il/eitan-meat-eilat/בשרים-קפואים/angus-fl-boneless-assaado-snacks-500g-1/?sort=pd.name&order=DESC,manual_review
https://compassgrill.co.il/eitan-meat-eilat/בשרים-קפואים/frozen-seasoned-chicken-skewers-5-pieces-1/?sort=pd.name&order=DESC,manual_review
https://compassgrill.co.il/gas-grills-1/caesar-rubicon-2/?category_id=35202&sort=pd.name&order=DESC,manual_review
https://compassgrill.co.il/eitan-meat-eilat/בשרים-קפואים/black-angus-feedlot-shoulder-roast-slice-5-1/?category_id=125607&sort=rating&order=ASC,manual_review
https://compassgrill.co.il/בשרים-קפואים/sorted-brain-bones-sliced-6-8-pcs-1/?category_id=125607&sort=p.model&order=ASC,manual_review
https://compassgrill.co.il/טחונים-קפואים/iraqi-meatballs-1-1/?category_id=125609&sort=p.model&order=ASC,manual_review
https://compassgrill.co.il/בשרים-קפואים/zigzag-sweet-potato-fries-1/?category_id=125607&sort=p.model&order=ASC,manual_review
https://compassgrill.co.il/grill-smoker-accessories/compass-skewers/luxury-stainless-steel-skewers-with-bronze-handle-and-premium-leather-case-1/?category_id=38152&sort=rating&order=DESC,manual_review
https://compassgrill.co.il/grill-smoker-accessories/compass-skewers/luxury-stainless-steel-skewers-with-bronze-handle-and-premium-leather-case-1/?sort=rating&order=DESC,manual_review
https://compassgrill.co.il/eitan-meat-eilat/עופות-קפוא/chicken-liver-1/?category_id=125608&sort=p.model&order=DESC,manual_review
https://compassgrill.co.il/eitan-meat-eilat/עופות-קפוא/chicken-liver-1/?sort=p.model&order=DESC,manual_review
https://compassgrill.co.il/pellet-smokers/navigator-combo-1230-1/?sort=p.sort_order&order=ASC,manual_review
https://compassgrill.co.il/eitan-meat-eilat/בשרים-קפואים/flet-iron-feedlot-halak-1/?category_id=125607&sort=pd.name&order=DESC,manual_review
https://compassgrill.co.il/eitan-meat-eilat/fresh-meat-eilat/angus-assado-boneless-feedlot-2-5kg-1/?category_id=125606&sort=price&order=DESC,manual_review
https://compassgrill.co.il/grill-smoker-accessories/compass-skewers/luxury-stainless-steel-skewers-with-bronze-handle-and-premium-leather-case-1/?category_id=38152&sort=p.model&order=ASC,manual_review
https://compassgrill.co.il/grill-smoker-accessories/compass-skewers/luxury-stainless-steel-skewers-with-bronze-handle-and-premium-leather-case-1/?sort=p.model&order=ASC,manual_review
https://compassgrill.co.il/grill-smoker-accessories/luxury-stainless-steel-skewers-with-bronze-handle-and-premium-leather-case-1/?sort=pd.name&order=DESC,manual_review
https://compassgrill.co.il/eitan-meat-eilat/fresh-meat-eilat/feedlot-picanha-1/?category_id=125606&sort=price&order=DESC,manual_review
https://compassgrill.co.il/eitan-meat-eilat/fresh-meat-eilat/angus-assado-boneless-feedlot-2-5kg-1/?sort=price&order=DESC,manual_review
https://compassgrill.co.il/eitan-meat-eilat/fresh-meat-eilat/feedlot-picanha-1/?sort=price&order=DESC,manual_review
https://compassgrill.co.il/eitan-meat-eilat/fresh-meat-eilat/brisket-1-1/?category_id=125606&sort=price&order=DESC,manual_review
https://compassgrill.co.il/eitan-meat-eilat/fresh-meat-eilat/brisket-1-1/?sort=price&order=DESC,manual_review
https://compassgrill.co.il/בשרים-קפואים/angus-fl-boneless-assaado-snacks-500g-1/?category_id=125607&sort=price&order=ASC,manual_review
https://compassgrill.co.il/eitan-meat-eilat/בשרים-קפואים/chicken-liver-1/?category_id=125607&sort=pd.name&order=DESC,manual_review
https://compassgrill.co.il/eitan-meat-eilat/בשרים-קפואים/spicy-angus-chorizo-100g-12-14-pcs-tray-1/?category_id=125607&sort=pd.name&order=DESC,manual_review
https://compassgrill.co.il/eitan-meat-eilat/בשרים-קפואים/sliced-calf-leg-6-8-pcs-vacuum-packed-1/?category_id=125607&sort=pd.name&order=DESC,manual_review
https://compassgrill.co.il/eitan-meat-eilat/בשרים-קפואים/angus-fl-boneless-assaado-snacks-500g-1/?category_id=125607&sort=pd.name&order=DESC,manual_review
https://compassgrill.co.il/eitan-meat-eilat/בשרים-קפואים/flet-iron-feedlot-halak-1/?sort=pd.name&order=DESC,manual_review
https://compassgrill.co.il/eitan-meat-eilat/בשרים-קפואים/zigzag-sweet-potato-fries-1/?category_id=125607&sort=pd.name&order=DESC,manual_review
https://compassgrill.co.il/eitan-meat-eilat/בשרים-קפואים/sliced-calf-leg-6-8-pcs-vacuum-packed-1/?sort=pd.name&order=DESC,manual_review
https://compassgrill.co.il/eitan-meat-eilat/בשרים-קפואים/frozen-chicken-skewers-5-units-1/?category_id=125607&sort=pd.name&order=DESC,manual_review
https://compassgrill.co.il/eitan-meat-eilat/בשרים-קפואים/zigzag-sweet-potato-fries-1/?sort=pd.name&order=DESC,manual_review
https://compassgrill.co.il/eitan-meat-eilat/בשרים-קפואים/prime-rib-sliced-450-500g-1-piece-1/?category_id=125607&sort=pd.name&order=DESC,manual_review
https://compassgrill.co.il/eitan-meat-eilat/בשרים-קפואים/frozen-chicken-shawarma-1kg-1/?category_id=125607&sort=pd.name&order=DESC,manual_review
https://compassgrill.co.il/eitan-meat-eilat/בשרים-קפואים/frozen-chicken-shawarma-1kg-1/?sort=pd.name&order=DESC,manual_review
https://compassgrill.co.il/eitan-meat-eilat/בשרים-קפואים/angus-fl-boneless-assaado-snacks-500g-1/?category_id=125607&sort=p.model&order=DESC,manual_review
https://compassgrill.co.il/eitan-meat-eilat/בשרים-קפואים/chicken-liver-1/?sort=pd.name&order=DESC,manual_review
https://compassgrill.co.il/eitan-meat-eilat/בשרים-קפואים/black-angus-feedlot-shoulder-roast-slice-5-1/?sort=pd.name&order=DESC,manual_review
https://compassgrill.co.il/eitan-meat-eilat/בשרים-קפואים/prime-rib-sliced-450-500g-1-piece-1/?sort=pd.name&order=DESC,manual_review
https://compassgrill.co.il/eitan-meat-eilat/בשרים-קפואים/frozen-chicken-skewers-5-units-1/?sort=pd.name&order=DESC,manual_review
https://compassgrill.co.il/eitan-meat-eilat/בשרים-קפואים/premium-sliced-lamb-ribs-6-pcs-tray-1/?category_id=125607&sort=pd.name&order=DESC,manual_review
https://compassgrill.co.il/eitan-meat-eilat/בשרים-קפואים/spicy-angus-chorizo-100g-12-14-pcs-tray-1/?sort=pd.name&order=DESC,manual_review
https://compassgrill.co.il/eitan-meat-eilat/בשרים-קפואים/feedlot-butcher-steak-1/?category_id=125607&sort=pd.name&order=DESC,manual_review
https://compassgrill.co.il/eitan-meat-eilat/בשרים-קפואים/feedlot-butcher-steak-1/?sort=pd.name&order=DESC,manual_review
https://compassgrill.co.il/בשרים-קפואים/premium-sliced-lamb-ribs-6-pcs-tray-1/?category_id=125607&sort=pd.name&order=ASC,manual_review
https://compassgrill.co.il/eitan-meat-eilat/בשרים-קפואים/prime-rib-sliced-450-500g-1-piece-1/?category_id=125607&sort=price&order=ASC,manual_review
https://compassgrill.co.il/eitan-meat-eilat/בשרים-קפואים/חזה-אווז-ארוז-בוואקום-1/?sort=pd.name&order=DESC,manual_review
https://compassgrill.co.il/eitan-meat-eilat/בשרים-קפואים/premium-sliced-lamb-ribs-6-pcs-tray-1/?sort=pd.name&order=DESC,manual_review
https://compassgrill.co.il/eitan-meat-eilat/בשרים-קפואים/premium-sliced-lamb-ribs-6-pieces-tray-1/?sort=pd.name&order=DESC,manual_review
https://compassgrill.co.il/eitan-meat-eilat/בשרים-קפואים/sorted-brain-bones-sliced-6-8-pcs-1/?sort=pd.name&order=DESC,manual_review
https://compassgrill.co.il/eitan-meat-eilat/בשרים-קפואים/angus-carpaccio-sliced-10-servings-700g-pack-1/?sort=pd.name&order=DESC,manual_review
https://compassgrill.co.il/eitan-meat-eilat/בשרים-קפואים/feedlot-butcher-steak-1/?category_id=125607&sort=price&order=ASC,manual_review
https://compassgrill.co.il/eitan-meat-eilat/בשרים-קפואים/feedlot-butcher-steak-1/?sort=price&order=ASC,manual_review
https://compassgrill.co.il/eitan-meat-eilat/בשרים-קפואים/prime-rib-sliced-450-500g-1-piece-1/?sort=price&order=ASC,manual_review
https://compassgrill.co.il/בשרים-קפואים/chicken-liver-1/?category_id=125607&sort=pd.name&order=DESC,manual_review
https://compassgrill.co.il/eitan-meat-eilat/בשרים-קפואים/black-angus-feedlot-shoulder-roast-slice-5-1/?sort=rating&order=ASC,manual_review
https://compassgrill.co.il/eitan-meat-eilat/packed-chicken-hearts-1/?category_id=125603&sort=rating&order=ASC,manual_review
https://compassgrill.co.il/eitan-meat-eilat/feedlot-picanha-1/?category_id=125603&sort=price&order=DESC,manual_review
https://compassgrill.co.il/בשרים-קפואים/premium-sliced-lamb-ribs-6-pcs-tray-1/?sort=pd.name&order=ASC,manual_review
https://compassgrill.co.il/eitan-meat-eilat/בשרים-קפואים/premium-sliced-lamb-ribs-6-pcs-tray-1/?category_id=125607&sort=rating&order=ASC,manual_review
https://compassgrill.co.il/eitan-meat-eilat/בשרים-קפואים/premium-sliced-lamb-ribs-6-pcs-tray-1/?sort=rating&order=ASC,manual_review
https://compassgrill.co.il/eitan-meat-eilat/feedlot-picanha-1/?sort=price&order=DESC,manual_review
https://compassgrill.co.il/בשרים-קפואים/חזה-אווז-ארוז-בוואקום-1/?category_id=125607&sort=pd.name&order=DESC,manual_review
https://compassgrill.co.il/בשרים-קפואים/חזה-אווז-ארוז-בוואקום-1/?sort=pd.name&order=DESC,manual_review
https://compassgrill.co.il/eitan-meat-eilat/packed-chicken-hearts-1/?sort=rating&order=ASC,manual_review
https://compassgrill.co.il/בשרים-קפואים/chicken-liver-1/?sort=pd.name&order=DESC,manual_review
https://compassgrill.co.il/eitan-meat-eilat/בשרים-קפואים/black-angus-feedlot-shoulder-roast-slice-5-1/?category_id=125607&sort=p.model&order=ASC,manual_review
https://compassgrill.co.il/eitan-meat-eilat/בשרים-קפואים/black-angus-feedlot-shoulder-roast-slice-5-1/?sort=p.model&order=ASC,manual_review
https://compassgrill.co.il/eitan-meat-eilat/בשרים-קפואים/spicy-angus-chorizo-100g-12-14-pcs-tray-1/?category_id=125607&sort=p.model&order=ASC,manual_review
https://compassgrill.co.il/eitan-meat-eilat/בשרים-קפואים/spicy-angus-chorizo-100g-12-14-pcs-tray-1/?sort=p.model&order=ASC,manual_review
https://compassgrill.co.il/eitan-meat-eilat/angus-chorizo-1-1-1/?category_id=125603&sort=p.model&order=DESC,manual_review
https://compassgrill.co.il/eitan-meat-eilat/angus-chorizo-1-1-1/?sort=p.model&order=DESC,manual_review
https://compassgrill.co.il/eitan-meat-eilat/fresh-meat-eilat/feedlot-angus-sirloin-steak-1/?category_id=125606,manual_review
https://compassgrill.co.il/grill-smoker-accessories/cast-iron-tools-plov-cooking/cast-iron-round-griddle-1/?category_id=35279&sort=p.sort_order&order=ASC,manual_review
https://compassgrill.co.il/meat-aging-treatment/butchers-paper-1/?category_id=121072&sort=p.model&order=DESC,manual_review
https://compassgrill.co.il/eitan-meat-eilat/frozen-ground-meat/angus-chorizo-1-1/?category_id=66897&sort=p.sort_order&order=ASC,manual_review
https://compassgrill.co.il/gas-grills-1/2-burner-gas-grill/ultimate-griddle-2/?category_id=108373&sort=pd.name&order=DESC,manual_review
https://compassgrill.co.il/fresh-meat-eilat/feedlot-angus-sirloin-steak-1/?sort=price&order=DESC,manual_review
https://compassgrill.co.il/poultry-3/כבד-אווז-קפוא-ארוז-פרימיום-copy-0/?sort=p.sort_order&order=ASC,manual_review
https://compassgrill.co.il/eitan-meat-eilat/בשרים-קפואים/חזה-אווז-ארוז-בוואקום-1/?category_id=125607&sort=rating&order=DESC,manual_review
https://compassgrill.co.il/4-burner-gas-grill/freestyle-425-gas-grill-with-infrared-side-burner-1/?category_id=108564&sort=p.model&order=ASC,manual_review
https://compassgrill.co.il/grill-smoker-accessories/cast-iron-tools-plov-cooking/cast-iron-cooking-tools/poike-number-3/?sort=rating&order=DESC,manual_review
https://compassgrill.co.il/eitan-meat-eilat/בשרים-קפואים/חזה-אווז-ארוז-בוואקום-1/?sort=rating&order=DESC,manual_review
https://compassgrill.co.il/gas-grills-1/2-burner-gas-grill/ultimate-griddle-2/?category_id=108373&sort=p.model&order=DESC,manual_review
https://compassgrill.co.il/gas-grills-1/2-burner-gas-grill/ultimate-griddle-2/?sort=pd.name&order=DESC,manual_review
https://compassgrill.co.il/eitan-meat-eilat/feedlot-angus-sirloin-steak-1/?sort=price&order=DESC,manual_review
https://compassgrill.co.il/eitan-meat-eilat/feedlot-angus-sirloin-steak-1/?category_id=125603&sort=price&order=DESC,manual_review
https://compassgrill.co.il/eitan-meat-eilat/frozen-ground-meat/angus-chorizo-1-1/?sort=p.sort_order&order=ASC,manual_review
https://compassgrill.co.il/eitan-meat-eilat/חזה-אווז-ארוז-בוואקום-2/?category_id=125603,manual_review
https://compassgrill.co.il/eitan-meat-eilat/חזה-אווז-ארוז-בוואקום-2/,manual_review
https://compassgrill.co.il/4-burner-gas-grill/גריל-גז-freestyle-425-עם-כירת-צד-אינפרא-אדום-copy-0-1/?category_id=108564&sort=p.model&order=ASC,manual_review
https://compassgrill.co.il/pellet-smokers/navigator-combo-1230-1/?sort=pd.name&order=DESC,manual_review
https://compassgrill.co.il/grill-smoker-accessories/cast-iron-tools-plov-cooking/cast-iron-cooking-tools/poike-number-3/?sort=pd.name&order=DESC,manual_review
https://compassgrill.co.il/gas-grills-1/ultimate-griddle-3/,manual_review
https://compassgrill.co.il/gas-grills-1/3-burner-gas-grill/ultimate-griddle-3/,manual_review
https://compassgrill.co.il/gas-grills-1/3-burner-gas-grill/ultimate-griddle-3/?category_id=108375,manual_review
https://compassgrill.co.il/cast-iron-tools-plov-cooking/cast-iron-cooking-tools/cast-iron-round-griddle-1/?category_id=35280,manual_review
https://compassgrill.co.il/meat-vending-machine-24-7/אנטריקוט-פידלוט-בלאק-אנגוס-copy-1/?category_id=125471&sort=p.model&order=ASC,manual_review
https://compassgrill.co.il/pellet-smokers/navigator-combo-1230-1/?sort=p.model&order=DESC,manual_review
https://compassgrill.co.il/cast-iron-tools-plov-cooking/cast-iron-zhigong-cooking-kazan/קאזן-אסייתי-10-ליטר-עם-מכסה-מברזל-יצוק-ללא-ציפוי-1/?category_id=70270&sort=rating&order=ASC,manual_review
https://compassgrill.co.il/frozen-ground-meat/iraqi-meatballs-1/?category_id=66897&sort=p.model&order=ASC,manual_review
https://compassgrill.co.il/smoker-tandoor/pellet-smokers/navigator-combo-1230-1/?sort=rating&order=ASC,manual_review
https://compassgrill.co.il/frozen-ground-meat/iraqi-meatballs-1/?category_id=66897,manual_review
https://compassgrill.co.il/eitan-meat-eilat/sliced-calf-leg-6-8-pcs-vacuum-packed-1/?sort=rating&order=DESC,manual_review
https://compassgrill.co.il/meat-vending-machine-24-7/אנטריקוט-פידלוט-בלאק-אנגוס-copy-1/?category_id=125471&sort=pd.name&order=ASC,manual_review
https://compassgrill.co.il/cast-iron-tools-plov-cooking/cast-iron-zhigong-cooking-kazan/קאזן-אסייתי-10-ליטר-עם-מכסה-מברזל-יצוק-ללא-ציפוי-1/?sort=rating&order=ASC,manual_review
https://compassgrill.co.il/fresh-meat-eilat/fattened-angus-entrecote-sliced-pairs-1/,manual_review
https://compassgrill.co.il/grill-smoker-accessories/cast-iron-tools-plov-cooking/cast-iron-cooking-tools/poike-number-3/?category_id=35280&sort=pd.name&order=ASC,manual_review
https://compassgrill.co.il/poultry-3/packed-chicken-drums-1/?sort=p.sort_order&order=ASC,manual_review
https://compassgrill.co.il/grill-smoker-accessories/cast-iron-tools-plov-cooking/cast-iron-cooking-tools/poike-number-3/?sort=p.model&order=DESC,manual_review
https://compassgrill.co.il/cast-iron-tools-plov-cooking/cast-iron-cooking-tools/cast-iron-round-griddle-1/?sort=price&order=DESC,manual_review
https://compassgrill.co.il/eitan-meat-eilat/טחונים-קפואים/iraqi-meatballs-1-1/?sort=price&order=DESC,manual_review
https://compassgrill.co.il/giesser-knives/classic-slicer-סכין-פריסה-מקצועית-22-25-28-31-36-ס-מ-copy-0/?category_id=104927&sort=p.model&order=DESC,manual_review
https://compassgrill.co.il/giesser-knives/classic-slicer-סכין-פריסה-מקצועית-22-25-28-31-36-ס-מ-copy-0/?sort=p.model&order=DESC,manual_review
https://compassgrill.co.il/knives-and-accessories/giesser-knives/classic-slicer-סכין-פריסה-מקצועית-22-25-28-31-36-ס-מ-copy-0/?category_id=104927&sort=price&order=ASC,manual_review
https://compassgrill.co.il/knives-and-accessories/giesser-knives/classic-slicer-סכין-פריסה-מקצועית-22-25-28-31-36-ס-מ-copy-0/?sort=price&order=ASC,manual_review
https://compassgrill.co.il/cast-iron-tools-plov-cooking/cast-iron-cooking-tools/cast-iron-round-griddle-1/?sort=pd.name&order=ASC,manual_review
https://compassgrill.co.il/טחונים-קפואים/veal-lamb-kebab-140g-6-pcs-pack-1/?category_id=125609&sort=p.model&order=ASC,manual_review
https://compassgrill.co.il/knives-and-accessories/giesser-knives/classic-slicer-סכין-פריסה-מקצועית-22-25-28-31-36-ס-מ-copy-0/?category_id=104927&sort=price&order=DESC,manual_review
https://compassgrill.co.il/eitan-meat-eilat/sliced-calf-leg-6-8-pcs-vacuum-packed-1/?sort=p.model&order=DESC,manual_review
https://compassgrill.co.il/eitan-meat-eilat/בשרים-קפואים/angus-fl-boneless-assaado-snacks-500g-1/?category_id=125607,manual_review
https://compassgrill.co.il/טחונים-קפואים/veal-lamb-kebab-140g-6-pcs-pack-1/?sort=p.model&order=ASC,manual_review
https://compassgrill.co.il/gas-grills-1/?sort=price&order=DESC,manual_review
https://compassgrill.co.il/eitan-meat-eilat/fresh-meat-eilat/veal-filet-medallions-5-pcs-500g-1/?sort=p.model&order=ASC,manual_review
https://compassgrill.co.il/cast-iron-tools-plov-cooking/cast-iron-cooking-tools/poike-number-2/?category_id=35280&sort=p.model&order=DESC,manual_review
https://compassgrill.co.il/knives-and-accessories/giesser-knives/classic-slicer-סכין-פריסה-מקצועית-22-25-28-31-36-ס-מ-copy-0/?category_id=104927&sort=p.model&order=ASC,manual_review
https://compassgrill.co.il/cast-iron-tools-plov-cooking/cast-iron-cooking-tools/קאזן-אסייתי-10-ליטר-עם-מכסה-מברזל-יצוק-ללא-ציפוי-1/?category_id=35280,manual_review
https://compassgrill.co.il/cast-iron-tools-plov-cooking/cast-iron-cooking-tools/קאזן-אסייתי-10-ליטר-עם-מכסה-מברזל-יצוק-ללא-ציפוי-1/,manual_review
https://compassgrill.co.il/cast-iron-cooking-tools/poike-number-3/?category_id=35280&sort=p.model&order=DESC,manual_review
https://compassgrill.co.il/cast-iron-tools-plov-cooking/cast-iron-zhigong-cooking-kazan/קאזן-אסייתי-10-ליטר-עם-מכסה-מברזל-יצוק-ללא-ציפוי-1/?category_id=70270&sort=pd.name&order=ASC,manual_review
https://compassgrill.co.il/cast-iron-tools-plov-cooking/cast-iron-zhigong-cooking-kazan/קאזן-אסייתי-10-ליטר-עם-מכסה-מברזל-יצוק-ללא-ציפוי-1/?sort=pd.name&order=ASC,manual_review
https://compassgrill.co.il/smoker-tandoor/gas-grill-smokers-tandoor/ultimate-griddle-3/?category_id=97701&sort=price&order=ASC,manual_review
https://compassgrill.co.il/cast-iron-tools-plov-cooking/cast-iron-zhigong-cooking-kazan/קאזן-אסייתי-10-ליטר-עם-מכסה-מברזל-יצוק-ללא-ציפוי-1/?category_id=70270,manual_review
https://compassgrill.co.il/knives-and-accessories/giesser-knives/classic-slicer-סכין-פריסה-מקצועית-22-25-28-31-36-ס-מ-copy-0/?category_id=104927&sort=p.model&order=DESC,manual_review
https://compassgrill.co.il/cast-iron-tools-plov-cooking/cast-iron-cooking-tools/cast-iron-round-griddle-1/?category_id=35280&sort=p.model&order=ASC,manual_review
https://compassgrill.co.il/grill-smoker-accessories/compass-skewers/luxury-stainless-steel-skewers-with-bronze-handle-and-premium-leather-case-1/?category_id=38152&sort=pd.name&order=DESC,manual_review
https://compassgrill.co.il/cast-iron-cooking-tools/poike-number-2/?category_id=35280&sort=p.sort_order&order=ASC,manual_review
https://compassgrill.co.il/grill-smoker-accessories/compass-skewers/luxury-stainless-steel-skewers-with-bronze-handle-and-premium-leather-case-1/?sort=pd.name&order=DESC,manual_review
https://compassgrill.co.il/cast-iron-tools-plov-cooking/cast-iron-cooking-tools/poike-number-3/?category_id=35280&sort=rating&order=ASC,manual_review
https://compassgrill.co.il/cast-iron-tools-plov-cooking/cast-iron-cooking-tools/poike-number-3/?category_id=35280&sort=rating&order=DESC,manual_review
https://compassgrill.co.il/cast-iron-tools-plov-cooking/cast-iron-cooking-tools/cast-iron-round-griddle-1/?category_id=35280&sort=price&order=DESC,manual_review
https://compassgrill.co.il/cast-iron-tools-plov-cooking/cast-iron-cooking-tools/קאזן-אסייתי-10-ליטר-עם-מכסה-מברזל-יצוק-ללא-ציפוי-1/?category_id=35280&sort=rating&order=ASC,manual_review
https://compassgrill.co.il/cast-iron-tools-plov-cooking/cast-iron-cooking-tools/קאזן-אסייתי-10-ליטר-עם-מכסה-מברזל-יצוק-ללא-ציפוי-1/?category_id=35280&sort=pd.name&order=ASC,manual_review
https://compassgrill.co.il/cast-iron-tools-plov-cooking/cast-iron-zhigong-cooking-kazan/קאזן-אסייתי-10-ליטר-עם-מכסה-מברזל-יצוק-ללא-ציפוי-1/,manual_review
https://compassgrill.co.il/טחונים-קפואים/homemade-romanian-kebab-140g-6-pieces-pack-1/?category_id=125609&sort=p.model&order=ASC,manual_review
https://compassgrill.co.il/eitan-meat-eilat/chicken-liver-1/?category_id=125603&sort=p.model&order=ASC,manual_review
https://compassgrill.co.il/knives-and-accessories/giesser-knives/classic-slicer-סכין-פריסה-מקצועית-22-25-28-31-36-ס-מ-copy-0/?sort=p.model&order=DESC,manual_review
https://compassgrill.co.il/בשרים-קפואים/feedlot-butcher-steak-1/?category_id=125607&sort=rating&order=ASC,manual_review
https://compassgrill.co.il/cast-iron-cooking-tools/poike-number-3/?sort=p.model&order=DESC,manual_review
https://compassgrill.co.il/בשרים-קפואים/feedlot-butcher-steak-1/?sort=rating&order=ASC,manual_review
https://compassgrill.co.il/grill-smoker-accessories/compass-skewers/luxury-stainless-steel-skewers-with-bronze-handle-and-premium-leather-case-1/?sort=pd.name&order=ASC,manual_review
https://compassgrill.co.il/cast-iron-tools-plov-cooking/cast-iron-zhigong-cooking-kazan/קאזן-אסייתי-10-ליטר-עם-מכסה-מברזל-יצוק-ללא-ציפוי-1/?sort=price&order=ASC,manual_review
https://compassgrill.co.il/grill-smoker-accessories/compass-skewers/luxury-stainless-steel-skewers-with-bronze-handle-and-premium-leather-case-1/?category_id=38152&sort=price&order=ASC,manual_review
https://compassgrill.co.il/בשרים-קפואים/premium-ground-beef-1kg-tray-1/?category_id=125607&sort=rating&order=ASC,manual_review
https://compassgrill.co.il/grill-smoker-accessories/compass-skewers/luxury-stainless-steel-skewers-with-bronze-handle-and-premium-leather-case-1/?category_id=38152,manual_review
https://compassgrill.co.il/cast-iron-tools-plov-cooking/cast-iron-zhigong-cooking-kazan/קאזן-אסייתי-10-ליטר-עם-מכסה-מברזל-יצוק-ללא-ציפוי-1/?category_id=70270&sort=pd.name&order=DESC,manual_review
https://compassgrill.co.il/cast-iron-tools-plov-cooking/cast-iron-cooking-tools/קאזן-אסייתי-10-ליטר-עם-מכסה-מברזל-יצוק-ללא-ציפוי-1/?sort=rating&order=ASC,manual_review
https://compassgrill.co.il/eitan-meat-eilat/chicken-liver-1/?sort=p.model&order=ASC,manual_review
https://compassgrill.co.il/בשרים-קפואים/premium-ground-beef-1kg-tray-1/?sort=rating&order=ASC,manual_review
https://compassgrill.co.il/eitan-meat-eilat/veal-filet-medallions-5-pcs-500g-1/?category_id=125603&sort=rating&order=ASC,manual_review
https://compassgrill.co.il/eitan-meat-eilat/טחונים-קפואים/spicy-angus-chorizo-100g-12-14-pcs-tray-1/?category_id=125609&sort=price&order=DESC,manual_review
https://compassgrill.co.il/cast-iron-tools-plov-cooking/cast-iron-cooking-tools/poike-number-3/?sort=rating&order=ASC,manual_review
https://compassgrill.co.il/בשרים-קפואים/כבד-אווז-קפוא-ארוז-פרימיום-copy-0-1/?category_id=125607&sort=rating&order=ASC,manual_review
https://compassgrill.co.il/eitan-meat-eilat/veal-filet-medallions-5-pcs-500g-1/?sort=rating&order=ASC,manual_review
https://compassgrill.co.il/pellet-smokers/navigator-combo-1230-1/?category_id=34516&sort=p.model&order=DESC,manual_review
https://compassgrill.co.il/cast-iron-tools-plov-cooking/cast-iron-cooking-tools/poike-number-2/?sort=p.sort_order&order=ASC,manual_review
https://compassgrill.co.il/cast-iron-tools-plov-cooking/cast-iron-cooking-tools/poike-number-2/?sort=pd.name&order=DESC,manual_review
https://compassgrill.co.il/outdoor-kitchen/modular-outdoor-kitchens/classic-outdoor-kitchen-1/?category_id=80794&sort=price&order=DESC,manual_review
https://compassgrill.co.il/knives-and-accessories/giesser-knives/classic-slicer-סכין-פריסה-מקצועית-22-25-28-31-36-ס-מ-copy-0/?category_id=104927&sort=p.sort_order&order=ASC,manual_review
https://compassgrill.co.il/3-burner-gas-grill/ultimate-griddle-3/?category_id=108375&sort=p.sort_order&order=ASC,manual_review
https://compassgrill.co.il/knives-and-accessories/giesser-knives/classic-slicer-סכין-פריסה-מקצועית-22-25-28-31-36-ס-מ-copy-0/?sort=p.sort_order&order=ASC,manual_review
https://compassgrill.co.il/cast-iron-tools-plov-cooking/cast-iron-cooking-tools/poike-number-3/?category_id=35280&sort=pd.name&order=DESC,manual_review
https://compassgrill.co.il/cast-iron-tools-plov-cooking/cast-iron-cooking-tools/קאזן-אסייתי-10-ליטר-עם-מכסה-מברזל-יצוק-ללא-ציפוי-1/?sort=pd.name&order=ASC,manual_review
https://compassgrill.co.il/cast-iron-tools-plov-cooking/cast-iron-zhigong-cooking-kazan/קאזן-אסייתי-10-ליטר-עם-מכסה-מברזל-יצוק-ללא-ציפוי-1/?category_id=70270&sort=p.sort_order&order=ASC,manual_review
https://compassgrill.co.il/cast-iron-tools-plov-cooking/cast-iron-cooking-tools/poike-number-3/?sort=rating&order=DESC,manual_review
https://compassgrill.co.il/בשרים-קפואים/כבד-אווז-קפוא-ארוז-פרימיום-copy-0-1/?sort=rating&order=ASC,manual_review
https://compassgrill.co.il/בשרים-קפואים/angus-burger-220g-4-pcs-tray-chef-recipe-1/?category_id=125607,manual_review
https://compassgrill.co.il/cast-iron-tools-plov-cooking/cast-iron-cooking-tools/poike-number-3/?category_id=35280&sort=p.model&order=DESC,manual_review
https://compassgrill.co.il/cast-iron-cooking-tools/poike-number-2/?category_id=35280&sort=p.model&order=DESC,manual_review
https://compassgrill.co.il/בשרים-קפואים/angus-burger-220g-4-pcs-tray-chef-recipe-1/,manual_review
https://compassgrill.co.il/cast-iron-tools-plov-cooking/cast-iron-zhigong-cooking-kazan/קאזן-אסייתי-10-ליטר-עם-מכסה-מברזל-יצוק-ללא-ציפוי-1/?category_id=70270&sort=price&order=DESC,manual_review
https://compassgrill.co.il/cast-iron-cooking-tools/poike-number-2/?sort=p.model&order=DESC,manual_review
https://compassgrill.co.il/meat-vending-machine-24-7/אנטריקוט-פידלוט-בלאק-אנגוס-copy-1/?sort=pd.name&order=ASC,manual_review
https://compassgrill.co.il/gas-grills-1/?sort=rating&order=ASC,manual_review
https://compassgrill.co.il/grill-smoker-accessories/cast-iron-tools-plov-cooking/cast-iron-cooking-tools/poike-number-3/?category_id=35280&sort=pd.name&order=DESC,manual_review
https://compassgrill.co.il/cast-iron-cooking-tools/poike-number-2/?category_id=35280&sort=pd.name&order=ASC,manual_review
https://compassgrill.co.il/grill-smoker-accessories/cast-iron-tools-plov-cooking/cast-iron-cooking-tools/poike-number-2/?category_id=35280&sort=pd.name&order=ASC,manual_review
https://compassgrill.co.il/eitan-meat-eilat/fresh-meat-eilat/feedlot-angus-sirloin-steak-1/?category_id=125606&sort=p.sort_order&order=ASC,manual_review
https://compassgrill.co.il/cast-iron-tools-plov-cooking/cast-iron-cooking-tools/קאזן-אסייתי-10-ליטר-עם-מכסה-מברזל-יצוק-ללא-ציפוי-1/?category_id=35280&sort=p.model&order=DESC,manual_review
https://compassgrill.co.il/grill-smoker-accessories/cast-iron-tools-plov-cooking/cast-iron-cooking-tools/poike-number-2/?sort=pd.name&order=ASC,manual_review
https://compassgrill.co.il/eitan-meat-eilat/fresh-meat-eilat/feedlot-angus-sirloin-steak-1/?sort=p.sort_order&order=ASC,manual_review
https://compassgrill.co.il/cast-iron-tools-plov-cooking/cast-iron-cooking-tools/poike-number-2/?category_id=35280&sort=rating&order=DESC,manual_review
https://compassgrill.co.il/eitan-meat-eilat/frozen-meat/brisket-1/,manual_review
